country_iso3,in_asia_pacific
ABW,False
AFG,False
AGO,False
AIA,False
ALB,False
AND,False
ANT,False
ARE,False
ARG,False
ARM,False
ASM,False
ATA,False
ATF,False
ATG,False
AUS,True
AUT,False
AZE,False
BDI,False
BEL,False
BEN,False
BES,False
BFA,False
BGD,True
BGR,False
BHR,False
BHS,False
BIH,False
BLM,False
BLR,False
BLZ,False
BMU,False
BOL,False
BRA,False
BRB,False
BRN,True
BTN,False
BVT,False
BWA,False
CAF,False
CAN,False
CCK,False
CHE,False
CHL,False
CHN,True
CIV,False
CMR,False
COD,False
COG,False
COK,False
COL,False
COM,False
CPV,False
CRI,False
CUB,False
CUW,False
CXR,False
CYM,False
CYP,False
CZE,False
DEU,False
DJI,False
DMA,False
DNK,False
DOM,False
DZA,False
ECU,False
EGY,False
ERI,False
ESP,False
EST,False
ETH,False
FIN,False
FJI,True
FLK,False
FRA,False
FRO,False
FSM,False
GAB,False
GBR,False
GEO,False
GHA,False
GIB,False
GIN,False
GMB,False
GNB,False
GNQ,False
GRC,False
GRD,False
GRL,False
GTM,False
GUM,False
GUY,False
HKG,True
HMD,False
HND,False
HRV,False
HTI,False
HUN,False
IDN,True
IND,True
IRL,False
IRN,False
IRQ,False
ISL,False
ISR,False
ITA,False
JAM,False
JOR,False
JPN,True
KAZ,False
KEN,False
KGZ,False
KHM,True
KIR,False
KNA,False
KOR,True
KWT,False
LAO,True
LBN,False
LBR,False
LBY,False
LCA,False
LKA,True
LSO,False
LTU,False
LUX,False
LVA,False
MAC,False
MAR,False
MDA,False
MDG,False
MDV,False
MEX,False
MHL,False
MKD,False
MLI,False
MLT,False
MMR,True
MNE,False
MNG,True
MNP,False
MOZ,False
MRT,False
MSR,False
MUS,False
MWI,False
MYS,True
NAM,False
NCL,False
NER,False
NFK,False
NGA,False
NIC,False
NIU,False
NLD,False
NOR,False
NPL,False
NRU,False
NZL,True
OMN,False
PAK,True
PAN,False
PCN,False
PER,False
PHL,True
PLW,False
PNG,True
POL,False
PRK,False
PRT,False
PRY,False
PSE,False
PYF,False
QAT,False
ROU,False
RUS,False
RWA,False
SAU,False
SDN,False
SEN,False
SGP,True
SGS,False
SHN,False
SLB,False
SLE,False
SLV,False
SMR,False
SOM,False
SPM,False
SRB,False
SSD,False
STP,False
SUR,False
SVK,False
SVN,False
SWE,False
SWZ,False
SXM,False
SYC,False
SYR,False
TCA,False
TCD,False
TGO,False
THA,True
TJK,False
TKL,False
TKM,False
TLS,False
TON,False
TTO,False
TUN,False
TUR,False
TUV,False
TWN,True
TZA,False
UGA,False
UKR,False
URY,False
USA,False
UZB,False
VAT,False
VCT,False
VEN,False
VGB,False
VNM,True
VUT,False
WSM,False
YEM,False
ZAF,False
ZMB,False
ZWE,False
