country_iso3,year,gdp_usd,scale_normalized,source,export_usd
ABW,2000,1873452513.96648,0.35970525460250224,WDI_GDP,1545969502.0
AFG,2000,3521418059.92345,0.4066509508064404,WDI_GDP,136231281.0
AGO,2000,9129594970.15301,0.47751853937097805,WDI_GDP,6515155357.0
AIA,2000,,0.5589774837443736,Atlas_export_proxy_NOT_GDP,4405094.0
ALB,2000,3584570164.85195,0.40797320700539386,WDI_GDP,281588414.0
AND,2000,1432606188.65883,0.3397475039033221,WDI_GDP,42666863.0
ANT,2000,,0.7733239812076266,Atlas_export_proxy_NOT_GDP,1554740884.0
ARE,2000,104337463730.167,0.6587391457466575,WDI_GDP,31655528078.0
ARG,2000,284203750000.0,0.7332818184712856,WDI_GDP,25529011340.0
ARM,2000,1911563668.85006,0.3612033514034719,WDI_GDP,246583319.0
ASM,2000,,0.5991639082435771,Atlas_export_proxy_NOT_GDP,13231447.0
ATA,2000,,0.5424777396305112,Atlas_export_proxy_NOT_GDP,2804405.0
ATF,2000,,0.4218602926528786,Atlas_export_proxy_NOT_GDP,103322.0
ATG,2000,901003703.703704,0.30525009141131126,WDI_GDP,112126416.0
AUS,2000,416901962163.479,0.7617848227289342,WDI_GDP,57324472999.0
AUT,2000,196181599831.287,0.7057093530083625,WDI_GDP,56539446419.0
AZE,2000,5272615722.96892,0.43667917013851293,WDI_GDP,1413340071.0
BDI,2000,870486065.883137,0.3026868113212758,WDI_GDP,52822099.0
BEL,2000,236792460312.471,0.7197052132768376,WDI_GDP,147220256852.0
BEN,2000,3519991440.47913,0.40662080760516506,WDI_GDP,278140214.0
BES,2000,,0.0,Atlas_export_proxy_NOT_GDP,
BFA,2000,2968370087.59759,0.39394147202601254,WDI_GDP,184732364.0
BGD,2000,53369787318.6245,0.6088695823141618,WDI_GDP,5497477824.0
BGR,2000,13246669553.9701,0.5052081074393303,WDI_GDP,4381229851.0
BHR,2000,9062898936.17021,0.4769730948949736,WDI_GDP,2573291878.0
BHS,2000,8076470000.0,0.4684009004369123,WDI_GDP,813323538.0
BIH,2000,5567772768.81188,0.4407310493759196,WDI_GDP,633464800.0
BLM,2000,,0.0,Atlas_export_proxy_NOT_GDP,
BLR,2000,12736856827.9847,0.5022886029305303,WDI_GDP,6979472500.0
BLZ,2000,1138138100.0,0.3226303916519142,WDI_GDP,285313029.0
BMU,2000,3480219000.0,0.40577549635658733,WDI_GDP,173953581.0
BOL,2000,8397855484.76908,0.4713036832900786,WDI_GDP,1047356159.0
BRA,2000,655448231983.527,0.7954436460251488,WDI_GDP,54332695987.0
BRB,2000,3059500000.0,0.39619089429170284,WDI_GDP,528488512.0
BRN,2000,6570999087.56742,0.45305519280476514,WDI_GDP,3025373941.0
BTN,2000,460733418.399276,0.255357907930617,WDI_GDP,23553236.0
BVT,2000,,0.45636352856816953,Atlas_export_proxy_NOT_GDP,265641.0
BWA,2000,5788329609.15755,0.4436209750838617,WDI_GDP,1075884870.0
CAF,2000,916777282.691659,0.3065411335559194,WDI_GDP,199818183.0
CAN,2000,744773415931.587,0.8049476835389037,WDI_GDP,272562508420.0
CCK,2000,,0.5092547600482871,Atlas_export_proxy_NOT_GDP,1129680.0
CHE,2000,282327351965.893,0.7327890491854164,WDI_GDP,89564813834.0
CHL,2000,78339750721.364,0.6374209887540159,WDI_GDP,17144649986.0
CHN,2000,1223754919971.05,0.8418893799079199,WDI_GDP,312362931093.0
CIV,2000,16577533891.8785,0.5218938074235652,WDI_GDP,3887529635.0
CMR,2000,10566579294.9831,0.4883923889421563,WDI_GDP,2179361553.0
COD,2000,19088046305.7971,0.5323837409421176,WDI_GDP,1005592897.0
COG,2000,3227927697.57921,0.40017733449062454,WDI_GDP,2548521781.0
COK,2000,,0.5790255476969377,Atlas_export_proxy_NOT_GDP,7625084.0
COL,2000,99875074951.0278,0.6554875618059015,WDI_GDP,13635906280.0
COM,2000,339504306.290689,0.23264438257252532,WDI_GDP,14233688.0
CPV,2000,539227277.626411,0.2670606593657122,WDI_GDP,19118648.0
CRI,2000,15013629579.1557,0.5145225676458623,WDI_GDP,6213470868.0
CUB,2000,30565400000.0,0.5674067256743046,WDI_GDP,1435287859.0
CUW,2000,2120511229.05028,0.3689201782637899,WDI_GDP,
CXR,2000,,0.6043930145920384,Atlas_export_proxy_NOT_GDP,15267222.0
CYM,2000,,0.7023465987856925,Atlas_export_proxy_NOT_GDP,222857550.0
CYP,2000,9985847313.85485,0.4841873590312648,WDI_GDP,952220229.0
CZE,2000,62175642238.0847,0.6202302151453707,WDI_GDP,28298149123.0
DEU,2000,1966980701145.1,0.8771927704153136,WDI_GDP,511144473199.0
DJI,2000,551230861.856505,0.26869845729847014,WDI_GDP,43354934.0
DMA,2000,333470370.37037,0.23131038684159383,WDI_GDP,87965825.0
DNK,2000,164043817223.59,0.6924005612871421,WDI_GDP,41734577858.0
DOM,2000,24305780628.6677,0.5503600728862017,WDI_GDP,4170413034.0
DZA,2000,54790398570.3282,0.6108238031115145,WDI_GDP,17667454020.0
ECU,2000,17539454727.3637,0.5260897022274753,WDI_GDP,5303201190.0
EGY,2000,99838543960.0763,0.6554603476663755,WDI_GDP,5228697910.0
ERI,2000,706370815.584416,0.2871460242014725,WDI_GDP,23445042.0
ESP,2000,598102854756.08,0.7886328098338353,WDI_GDP,107782772821.0
EST,2000,5686579747.53524,0.4423016956970744,WDI_GDP,4312202846.0
ETH,2000,8242349617.8638,0.46991327746916073,WDI_GDP,482049817.0
FIN,2000,125967821110.589,0.6727538037738969,WDI_GDP,43110139917.0
FJI,2000,1678219507.89829,0.35151873668621936,WDI_GDP,448062999.0
FLK,2000,,0.6624279180028028,Atlas_export_proxy_NOT_GDP,74740770.0
FRA,2000,1360959069477.49,0.8497944185959085,WDI_GDP,289451218474.0
FRO,2000,1067109530.64798,0.3178367365710638,WDI_GDP,401507923.0
FSM,2000,229616800.0,0.20355257775733251,WDI_GDP,58276720.0
GAB,2000,5080483628.53013,0.43391782794000855,WDI_GDP,2869317929.0
GBR,2000,1671597821152.97,0.8650881497824002,WDI_GDP,275015038365.0
GEO,2000,3057475335.18846,0.396141649846171,WDI_GDP,592940470.0
GHA,2000,4982850662.20851,0.43247435368689185,WDI_GDP,1812383335.0
GIB,2000,,0.6532781680471133,Atlas_export_proxy_NOT_GDP,58184121.0
GIN,2000,4367458866.71537,0.42266828812823853,WDI_GDP,772899546.0
GMB,2000,782913871.80966,0.2947993771954455,WDI_GDP,42559085.0
GNB,2000,391345597.488269,0.2432154396952417,WDI_GDP,106955932.0
GNQ,2000,1045998496.43872,0.3163503112673629,WDI_GDP,1038936397.0
GRC,2000,125760166224.805,0.6726310735350863,WDI_GDP,10253998938.0
GRD,2000,520044370.37037,0.2643660526221845,WDI_GDP,58910680.0
GRL,2000,1068025016.00862,0.3179005286878622,WDI_GDP,387516627.0
GTM,2000,19288929030.0508,0.5331625242659047,WDI_GDP,4030830160.0
GUM,2000,,0.675097807079697,Atlas_export_proxy_NOT_GDP,105718431.0
GUY,2000,712667896.727512,0.28780624427905016,WDI_GDP,551041782.0
HKG,2000,171668891194.349,0.6957803675657103,WDI_GDP,87147342379.0
HMD,2000,,0.45845059576001324,Atlas_export_proxy_NOT_GDP,281256.0
HND,2000,7186638029.05875,0.4597173243138316,WDI_GDP,3424299833.0
HRV,2000,22134069750.2586,0.5433975135839809,WDI_GDP,3900731101.0
HTI,2000,6813566098.8675,0.45575178860429616,WDI_GDP,275595282.0
HUN,2000,47275954428.9586,0.5998503927261345,WDI_GDP,27636375400.0
IDN,2000,165021012077.81,0.6928423776655152,WDI_GDP,62784609053.0
IND,2000,468395521654.458,0.7704483550816194,WDI_GDP,41716180940.0
IRL,2000,100207610429.909,0.6557348308275935,WDI_GDP,72549190029.0
IRN,2000,109591707802.216,0.662393986112774,WDI_GDP,21370042182.0
IRQ,2000,48364250943.9051,0.6015434292003023,WDI_GDP,16086554013.0
ISL,2000,9140168922.35677,0.4776046477248773,WDI_GDP,1897811105.0
ISR,2000,136409902631.643,0.6786780131120881,WDI_GDP,29273049045.0
ITA,2000,1149661363439.38,0.8372432805020777,WDI_GDP,224964510201.0
JAM,2000,9005064474.93003,0.47649686154463217,WDI_GDP,1398795107.0
JOR,2000,8460789844.8519,0.4718590859999233,WDI_GDP,1443665767.0
JPN,2000,5042381838343.44,0.9472213410549802,WDI_GDP,483169451549.0
KAZ,2000,18291990662.0356,0.5292148288050849,WDI_GDP,10292457892.0
KEN,2000,12705350097.8044,0.5021043605205987,WDI_GDP,1709063313.0
KGZ,2000,1369688498.06778,0.3364065322371477,WDI_GDP,475322423.0
KHM,2000,3694168979.32019,0.4102135956173989,WDI_GDP,1331587013.0
KIR,2000,74910527.2586758,0.12022775878647136,WDI_GDP,18114194.0
KNA,2000,421695769.843918,0.2487718101877082,WDI_GDP,66833181.0
KOR,2000,597487173479.109,0.7885561947058468,WDI_GDP,165217909647.0
KWT,2000,37718743480.0751,0.5830499526941046,WDI_GDP,15812806727.0
LAO,2000,1731198022.46763,0.35383077685897574,WDI_GDP,332004565.0
LBN,2000,17260364842.4544,0.5248964912338789,WDI_GDP,841461075.0
LBR,2000,874000000.0,0.30298649806130695,WDI_GDP,635955923.0
LBY,2000,38270954138.1128,0.5841311340388565,WDI_GDP,11851594775.0
LCA,2000,932592592.592592,0.30781347989629104,WDI_GDP,73640016.0
LKA,2000,16595882818.6857,0.5219761001287189,WDI_GDP,5008985376.0
LSO,2000,887291687.920796,0.3041092864825681,WDI_GDP,142778787.0
LTU,2000,11550695727.2335,0.49501672799426205,WDI_GDP,3591974898.0
LUX,2000,21230200537.942,0.5402959742923732,WDI_GDP,6657117708.0
LVA,2000,7761252607.18424,0.4654393739167672,WDI_GDP,2516385555.0
MAC,2000,6773944355.1502,0.45531794244742757,WDI_GDP,2401732855.0
MAR,2000,43017455401.8445,0.5928283471214372,WDI_GDP,7511093979.0
MDA,2000,1288429391.79951,0.3318569242667303,WDI_GDP,670415474.0
MDG,2000,4629247203.84524,0.42699871003839696,WDI_GDP,855552151.0
MDV,2000,624337145.284622,0.27796267122701257,WDI_GDP,149984294.0
MEX,2000,742061329749.127,0.8046763008778566,WDI_GDP,160363141928.0
MHL,2000,114838500.0,0.152009301678216,WDI_GDP,27970634.0
MKD,2000,3772859034.20508,0.4117815339430611,WDI_GDP,1058959762.0
MLI,2000,3521570875.85064,0.40665417894706435,WDI_GDP,388418747.0
MLT,2000,4036809766.6603,0.4168118645902768,WDI_GDP,2167342083.0
MMR,2000,8905066163.58643,0.47566617102150954,WDI_GDP,1750368729.0
MNE,2000,984293043.811565,0.3118271742862494,WDI_GDP,
MNG,2000,1136896123.61298,0.3225491710360397,WDI_GDP,498395533.0
MNP,2000,,0.5903769045773127,Atlas_export_proxy_NOT_GDP,10403173.0
MOZ,2000,5930685214.61595,0.4454283392289008,WDI_GDP,466574167.0
MRT,2000,1779520886.47015,0.35587875287981435,WDI_GDP,453101997.0
MSR,2000,,0.5333372698538631,Atlas_export_proxy_NOT_GDP,2183725.0
MUS,2000,4726108622.47661,0.42853915740655746,WDI_GDP,1527239421.0
MWI,2000,2537307580.32808,0.3822690744804771,WDI_GDP,425966393.0
MYS,2000,93789736842.1053,0.6508110953967005,WDI_GDP,101910490332.0
NAM,2000,3922232164.83175,0.4146699124156025,WDI_GDP,776774993.0
NCL,2000,3420032041.07385,0.4044777513886724,WDI_GDP,583796777.0
NER,2000,2241753192.81158,0.37305630339745827,WDI_GDP,358517027.0
NFK,2000,,0.5124382979521247,Atlas_export_proxy_NOT_GDP,1232522.0
NGA,2000,69171451627.2465,0.6281619741579182,WDI_GDP,21777404440.0
NIC,2000,5109587049.97449,0.4343427495940393,WDI_GDP,886442352.0
NIU,2000,,0.5459576759603619,Atlas_export_proxy_NOT_GDP,3084629.0
NLD,2000,417649282153.726,0.761918050430934,WDI_GDP,178547427536.0
NOR,2000,170620327660.251,0.6953245996819605,WDI_GDP,52682842008.0
NPL,2000,5494252207.90502,0.43974221990376,WDI_GDP,675082369.0
NRU,2000,26930980.3429002,0.04412616763619723,WDI_GDP,29508820.0
NZL,2000,52623281956.7031,0.6078217218021774,WDI_GDP,12850612239.0
OMN,2000,22259557867.3602,0.5438180697020661,WDI_GDP,10326709007.0
PAK,2000,99484802344.5277,0.6551963079414346,WDI_GDP,8956550828.0
PAN,2000,11966497000.0,0.49764751947811,WDI_GDP,1891246463.0
PCN,2000,,0.5361107367664264,Atlas_export_proxy_NOT_GDP,2355934.0
PER,2000,51744749133.213,0.606569326038639,WDI_GDP,6347228428.0
PHL,2000,83669788376.9213,0.6423175059622412,WDI_GDP,39028227319.0
PLW,2000,149551484.375,0.17165656750233566,WDI_GDP,27143280.0
PNG,2000,3521339699.07407,0.4066492954283057,WDI_GDP,1725989426.0
POL,2000,172953527033.013,0.6963349669079936,WDI_GDP,29428689027.0
PRK,2000,,0.7550377344507498,Atlas_export_proxy_NOT_GDP,942560780.0
PRT,2000,118605192877.388,0.668273613988339,WDI_GDP,23277188800.0
PRY,2000,8855705139.55857,0.4752526817103837,WDI_GDP,2199007651.0
PSE,2000,4313600000.0,0.4217452260435513,WDI_GDP,420449065.0
PYF,2000,3599845480.34359,0.40828953689056835,WDI_GDP,221934310.0
QAT,2000,17759890109.8901,0.5270187993954153,WDI_GDP,10100371440.0
ROU,2000,37253739511.1273,0.5821271663375289,WDI_GDP,10095895596.0
RUS,2000,259710142196.943,0.7265774594234993,WDI_GDP,96507662690.0
RWA,2000,2068836754.37431,0.3670849398480326,WDI_GDP,55885159.0
SAU,2000,189514933333.333,0.7031374944467922,WDI_GDP,64647068737.0
SDN,2000,12257299147.2936,0.4994336660753388,WDI_GDP,1850236257.0
SEN,2000,6013185003.97525,0.4464560135419271,WDI_GDP,614789351.0
SGP,2000,96076539925.7409,0.652603115045044,WDI_GDP,111270352052.0
SGS,2000,,0.41197406580465645,Atlas_export_proxy_NOT_GDP,78829.0
SHN,2000,,0.5825289900107027,Atlas_export_proxy_NOT_GDP,8392401.0
SLB,2000,419842674.227652,0.2484441939637766,WDI_GDP,87443163.0
SLE,2000,635866403.776065,0.27932384516621006,WDI_GDP,128191090.0
SLV,2000,11784927700.0,0.49651014875620725,WDI_GDP,3093068641.0
SMR,2000,1007661290.98039,0.3135726246946821,WDI_GDP,48209745.0
SOM,2000,3412797450.20112,0.4043202246123679,WDI_GDP,89976393.0
SPM,2000,,0.5830512880698797,Atlas_export_proxy_NOT_GDP,8513227.0
SRB,2000,7326373882.11044,0.46114985703319755,WDI_GDP,
SSD,2000,,0.0,Atlas_export_proxy_NOT_GDP,
STP,2000,76198394.8202671,0.12149579729604312,WDI_GDP,17982646.0
SUR,2000,947671969.69697,0.30900668357283767,WDI_GDP,468990855.0
SVK,2000,20626538612.3376,0.5381501244089181,WDI_GDP,11268191311.0
SVN,2000,20159190701.6789,0.5364452518837255,WDI_GDP,8429696171.0
SWE,2000,262903560280.282,0.7274865794476837,WDI_GDP,82798231821.0
SWZ,2000,1697161557.89452,0.35235366570987087,WDI_GDP,396406862.0
SXM,2000,,0.0,Atlas_export_proxy_NOT_GDP,
SYC,2000,654212394.27164,0.28143974466366584,WDI_GDP,232366780.0
SYR,2000,18937031609.7969,0.5317928705699392,WDI_GDP,5917576107.0
TCA,2000,,0.5863923533887957,Atlas_export_proxy_NOT_GDP,9328371.0
TCD,2000,1388506771.58756,0.3374216170648812,WDI_GDP,82094443.0
TGO,2000,2106848752.27753,0.36843933609496077,WDI_GDP,272459742.0
THA,2000,126392224253.794,0.6730040106465955,WDI_GDP,67745306177.0
TJK,2000,860541842.263697,0.3018321138479872,WDI_GDP,358334271.0
TKL,2000,,0.5779789825738678,Atlas_export_proxy_NOT_GDP,7409779.0
TKM,2000,2904663310.9825,0.3923275556586265,WDI_GDP,1723103041.0
TLS,2000,366924300.0,0.23842212462957232,WDI_GDP,29022559.0
TON,2000,204848487.806485,0.1950616859162998,WDI_GDP,16394704.0
TTO,2000,8154342116.10311,0.46911471579649516,WDI_GDP,3977828829.0
TUN,2000,21473528160.7782,0.5411437308281929,WDI_GDP,5626732798.0
TUR,2000,274748463178.502,0.730764823846874,WDI_GDP,25616885027.0
TUV,2000,14881202.5785774,0.0,WDI_GDP,897697.0
TWN,2000,,0.9409633942585912,Atlas_export_proxy_NOT_GDP,152828633543.0
TZA,2000,13371767081.7428,0.505907321591979,WDI_GDP,718122817.0
UGA,2000,6193246837.09687,0.44865086569656915,WDI_GDP,399454866.0
UKR,2000,32375083934.8241,0.5716856361770754,WDI_GDP,14037662098.0
URY,2000,22823270892.1094,0.5456784870337738,WDI_GDP,2495929592.0
USA,2000,10250952000000.0,1.0,WDI_GDP,768968269010.0
UZB,2000,13760513969.314,0.5080391447186673,WDI_GDP,2442040572.0
VAT,2000,,0.550283896152246,Atlas_export_proxy_NOT_GDP,3472354.0
VCT,2000,427946037.037037,0.24986629912004726,WDI_GDP,100500753.0
VEN,2000,117146466002.661,0.6673530253729526,WDI_GDP,30800518463.0
VGB,2000,,0.6938156145595262,Atlas_export_proxy_NOT_GDP,176452922.0
VNM,2000,31172518403.3162,0.5688698332045249,WDI_GDP,14047655020.0
VUT,2000,272014627.835262,0.21615740966388786,WDI_GDP,85178275.0
WSM,2000,258856139.798489,0.21246893357411445,WDI_GDP,47236763.0
YEM,2000,9679316770.18633,0.4818680843411763,WDI_GDP,3324614953.0
ZAF,2000,151752757215.309,0.686607045525119,WDI_GDP,32440642377.0
ZMB,2000,3600632111.41414,0.40830579053015176,WDI_GDP,580731515.0
ZWE,2000,6693250000.0,0.45442646152124966,WDI_GDP,2176830385.0
