atlas_country_id,country_iso3_code,un_reporter_name
533,ABW,Aruba
4,AFG,Afghanistan
24,AGO,Angola
660,AIA,Anguilla
8,ALB,Albania
20,AND,Andorra
999,ANS,
530,ANT,Netherlands Antilles and Aruba (...1985)
784,ARE,United Arab Emirates
32,ARG,Argentina
51,ARM,Armenia
16,ASM,
10,ATA,
260,ATF,
28,ATG,Antigua and Barbuda
36,AUS,Australia
40,AUT,Austria
31,AZE,Azerbaijan
108,BDI,Burundi
56,BEL,Belgium-Luxembourg (...1998)
204,BEN,Benin
535,BES,Bonaire
854,BFA,Burkina Faso
50,BGD,Bangladesh
100,BGR,Bulgaria
48,BHR,Bahrain
44,BHS,Bahamas
70,BIH,Bosnia Herzegovina
652,BLM,Saint Barthélemy
112,BLR,Belarus
84,BLZ,Belize
60,BMU,Bermuda
68,BOL,Bolivia (Plurinational State of)
76,BRA,Brazil
52,BRB,Barbados
96,BRN,Brunei Darussalam
64,BTN,Bhutan
74,BVT,
72,BWA,Botswana
140,CAF,Central African Rep.
124,CAN,Canada
166,CCK,
756,CHE,Switzerland
152,CHL,Chile
156,CHN,China
384,CIV,Côte d'Ivoire
120,CMR,Cameroon
180,COD,Dem. Rep. of the Congo
178,COG,Congo
184,COK,Cook Isds
170,COL,Colombia
174,COM,Comoros
132,CPV,Cabo Verde
188,CRI,Costa Rica
192,CUB,Cuba
531,CUW,Curaçao
162,CXR,
136,CYM,Cayman Isds
196,CYP,Cyprus
203,CZE,Czechia
276,DEU,Germany
262,DJI,Djibouti
212,DMA,Dominica
208,DNK,Denmark
214,DOM,Dominican Rep.
12,DZA,Algeria
218,ECU,Ecuador
818,EGY,Egypt
232,ERI,Eritrea
724,ESP,Spain
233,EST,Estonia
231,ETH,Ethiopia (...1992)
246,FIN,Finland
242,FJI,Fiji
238,FLK,
250,FRA,France
234,FRO,Faroe Isds
583,FSM,FS Micronesia
266,GAB,Gabon
826,GBR,United Kingdom
268,GEO,Georgia
288,GHA,Ghana
292,GIB,Gibraltar
324,GIN,Guinea
270,GMB,Gambia
624,GNB,Guinea-Bissau
226,GNQ,Equatorial Guinea
300,GRC,Greece
308,GRD,Grenada
304,GRL,Greenland
320,GTM,Guatemala
316,GUM,
328,GUY,Guyana
344,HKG,"China, Hong Kong SAR"
334,HMD,
340,HND,Honduras
191,HRV,Croatia
332,HTI,Haiti
348,HUN,Hungary
360,IDN,Indonesia
356,IND,India (...1974)
372,IRL,Ireland
364,IRN,Iran
368,IRQ,Iraq
352,ISL,Iceland
376,ISR,Israel
380,ITA,Italy
388,JAM,Jamaica
400,JOR,Jordan
392,JPN,Japan
398,KAZ,Kazakhstan
404,KEN,Kenya
417,KGZ,Kyrgyzstan
116,KHM,Cambodia
296,KIR,Kiribati
659,KNA,"Saint Kitts, Nevis and Anguilla (...1980)"
410,KOR,Rep. of Korea
414,KWT,Kuwait
418,LAO,Lao People's Dem. Rep.
422,LBN,Lebanon
430,LBR,Liberia
434,LBY,Libya
662,LCA,Saint Lucia
144,LKA,Sri Lanka
426,LSO,Lesotho
440,LTU,Lithuania
442,LUX,Luxembourg
428,LVA,Latvia
446,MAC,"China, Macao SAR"
504,MAR,Morocco
498,MDA,Rep. of Moldova
450,MDG,Madagascar
462,MDV,Maldives
484,MEX,Mexico
584,MHL,Marshall Isds
807,MKD,North Macedonia
466,MLI,Mali
470,MLT,Malta
104,MMR,Myanmar
499,MNE,Montenegro
496,MNG,Mongolia
580,MNP,N. Mariana Isds
508,MOZ,Mozambique
478,MRT,Mauritania
500,MSR,Montserrat
480,MUS,Mauritius
454,MWI,Malawi
458,MYS,Malaysia
516,NAM,Namibia
540,NCL,New Caledonia
562,NER,Niger
574,NFK,
566,NGA,Nigeria
558,NIC,Nicaragua
570,NIU,Niue
528,NLD,Netherlands
578,NOR,Norway
524,NPL,Nepal
520,NRU,Naoero
554,NZL,New Zealand
512,OMN,Oman
586,PAK,Pakistan
591,PAN,"Panama, excl.Canal Zone (...1977)"
612,PCN,
604,PER,Peru
608,PHL,Philippines
585,PLW,Palau
598,PNG,Papua New Guinea
616,POL,Poland
408,PRK,Dem. People's Rep. of Korea
620,PRT,Portugal
600,PRY,Paraguay
275,PSE,State of Palestine
258,PYF,French Polynesia
634,QAT,Qatar
642,ROU,Romania
643,RUS,Russian Federation
646,RWA,Rwanda
682,SAU,Saudi Arabia
729,SDN,Sudan (...2011)
686,SEN,Senegal
702,SGP,Singapore
239,SGS,
654,SHN,Saint Helena
90,SLB,Solomon Isds
694,SLE,Sierra Leone
222,SLV,El Salvador
674,SMR,San Marino
706,SOM,Somalia
666,SPM,Saint Pierre and Miquelon
688,SRB,Serbia
728,SSD,South Sudan
678,STP,Sao Tome and Principe
740,SUR,Suriname
703,SVK,Slovakia
705,SVN,Slovenia
752,SWE,Sweden
748,SWZ,Eswatini
534,SXM,Saint Maarten
690,SYC,Seychelles
760,SYR,Syria
796,TCA,Turks and Caicos Isds
148,TCD,Chad
768,TGO,Togo
764,THA,Thailand
762,TJK,Tajikistan
772,TKL,Tokelau
795,TKM,Turkmenistan
626,TLS,Timor-Leste
776,TON,Tonga
780,TTO,Trinidad and Tobago
788,TUN,Tunisia
792,TUR,Türkiye
798,TUV,Tuvalu
158,TWN,
834,TZA,United Rep. of Tanzania
800,UGA,Uganda
804,UKR,Ukraine
858,URY,Uruguay
840,USA,USA and Puerto Rico (...1980)
860,UZB,Uzbekistan
336,VAT,Holy See (Vatican City State)
670,VCT,Saint Vincent and the Grenadines
862,VEN,Venezuela
92,VGB,Br. Virgin Isds
704,VNM,Viet Nam
548,VUT,Vanuatu
882,WSM,Samoa
887,YEM,Yemen
710,ZAF,South Africa
894,ZMB,Zambia
716,ZWE,Zimbabwe
