country_iso3_code,year,rows
ABW,2000,843
ABW,2001,865
ABW,2002,845
ABW,2003,906
ABW,2004,868
ABW,2005,937
ABW,2006,922
ABW,2007,923
ABW,2008,957
ABW,2009,1017
ABW,2010,1041
ABW,2011,1044
ABW,2012,1042
ABW,2013,1038
ABW,2014,1029
ABW,2015,978
ABW,2016,956
ABW,2017,1035
ABW,2018,1023
ABW,2019,1018
ABW,2020,998
ABW,2021,1012
ABW,2022,996
ABW,2023,1013
AFG,2000,776
AFG,2001,741
AFG,2002,908
AFG,2003,929
AFG,2004,938
AFG,2005,977
AFG,2006,973
AFG,2007,966
AFG,2008,983
AFG,2009,1024
AFG,2010,1037
AFG,2011,1026
AFG,2012,1045
AFG,2013,1074
AFG,2014,1023
AFG,2015,1044
AFG,2016,1053
AFG,2017,1045
AFG,2018,1078
AFG,2019,1069
AFG,2020,1048
AFG,2021,1022
AFG,2022,974
AFG,2023,968
AGO,2000,1047
AGO,2001,1059
AGO,2002,1074
AGO,2003,1088
AGO,2004,1132
AGO,2005,1137
AGO,2006,1164
AGO,2007,1158
AGO,2008,1185
AGO,2009,1176
AGO,2010,1165
AGO,2011,1173
AGO,2012,1186
AGO,2013,1189
AGO,2014,1193
AGO,2015,1185
AGO,2016,1151
AGO,2017,1166
AGO,2018,1151
AGO,2019,1170
AGO,2020,1138
AGO,2021,1159
AGO,2022,1170
AGO,2023,1165
AIA,2000,657
AIA,2001,610
AIA,2002,612
AIA,2003,636
AIA,2004,653
AIA,2005,511
AIA,2006,705
AIA,2007,730
AIA,2008,759
AIA,2009,549
AIA,2010,522
AIA,2011,509
AIA,2012,478
AIA,2013,488
AIA,2014,520
AIA,2015,549
AIA,2016,530
AIA,2017,492
AIA,2018,577
AIA,2019,561
AIA,2020,504
AIA,2021,551
AIA,2022,580
AIA,2023,581
ALB,2000,1105
ALB,2001,1096
ALB,2002,1105
ALB,2003,1121
ALB,2004,1131
ALB,2005,1115
ALB,2006,1129
ALB,2007,1124
ALB,2008,1152
ALB,2009,1158
ALB,2010,1147
ALB,2011,1139
ALB,2012,1139
ALB,2013,1134
ALB,2014,1105
ALB,2015,1115
ALB,2016,1121
ALB,2017,1125
ALB,2018,1120
ALB,2019,1104
ALB,2020,1110
ALB,2021,1122
ALB,2022,1118
ALB,2023,1126
AND,2000,919
AND,2001,930
AND,2002,916
AND,2003,922
AND,2004,943
AND,2005,917
AND,2006,941
AND,2007,958
AND,2008,954
AND,2009,943
AND,2010,956
AND,2011,957
AND,2012,931
AND,2013,911
AND,2014,923
AND,2015,916
AND,2016,913
AND,2017,922
AND,2018,913
AND,2019,921
AND,2020,903
AND,2021,911
AND,2022,923
AND,2023,934
ANS,2001,2
ANS,2016,12
ANS,2020,1
ANS,2021,1
ANS,2022,1
ANS,2023,1
ANT,2000,1014
ANT,2001,1013
ANT,2002,1009
ANT,2003,1148
ANT,2004,1011
ANT,2005,1106
ANT,2006,1112
ANT,2007,1126
ANT,2008,1113
ANT,2009,1048
ANT,2010,969
ARE,2000,1231
ARE,2001,1230
ARE,2002,1239
ARE,2003,1226
ARE,2004,1226
ARE,2005,1241
ARE,2006,1235
ARE,2007,1240
ARE,2008,1240
ARE,2009,1234
ARE,2010,1239
ARE,2011,1237
ARE,2012,1241
ARE,2013,1239
ARE,2014,1241
ARE,2015,1242
ARE,2016,1239
ARE,2017,1242
ARE,2018,1239
ARE,2019,1235
ARE,2020,1237
ARE,2021,1239
ARE,2022,1238
ARE,2023,1238
ARG,2000,1232
ARG,2001,1229
ARG,2002,1221
ARG,2003,1223
ARG,2004,1227
ARG,2005,1233
ARG,2006,1226
ARG,2007,1232
ARG,2008,1231
ARG,2009,1233
ARG,2010,1227
ARG,2011,1228
ARG,2012,1231
ARG,2013,1224
ARG,2014,1225
ARG,2015,1226
ARG,2016,1225
ARG,2017,1225
ARG,2018,1226
ARG,2019,1215
ARG,2020,1217
ARG,2021,1214
ARG,2022,1216
ARG,2023,1213
ARM,2000,969
ARM,2001,1001
ARM,2002,1008
ARM,2003,1027
ARM,2004,1027
ARM,2005,1038
ARM,2006,1047
ARM,2007,1073
ARM,2008,1063
ARM,2009,1072
ARM,2010,1101
ARM,2011,1102
ARM,2012,1078
ARM,2013,1085
ARM,2014,1095
ARM,2015,1087
ARM,2016,1097
ARM,2017,1104
ARM,2018,1113
ARM,2019,1111
ARM,2020,1104
ARM,2021,1124
ARM,2022,1140
ARM,2023,1133
ASM,2000,450
ASM,2001,495
ASM,2002,591
ASM,2003,610
ASM,2004,604
ASM,2005,575
ASM,2006,552
ASM,2007,578
ASM,2008,548
ASM,2009,528
ASM,2010,523
ASM,2011,489
ASM,2012,502
ASM,2013,494
ASM,2014,501
ASM,2015,481
ASM,2016,489
ASM,2017,482
ASM,2018,451
ASM,2019,452
ASM,2020,426
ASM,2021,438
ASM,2022,453
ASM,2023,472
ATA,2000,94
ATA,2001,102
ATA,2002,110
ATA,2003,114
ATA,2004,177
ATA,2005,154
ATA,2006,162
ATA,2007,178
ATA,2008,436
ATA,2009,222
ATA,2010,294
ATA,2011,217
ATA,2012,235
ATA,2013,211
ATA,2014,252
ATA,2015,237
ATA,2016,263
ATA,2017,239
ATA,2018,229
ATA,2019,237
ATA,2020,224
ATA,2021,240
ATA,2022,240
ATA,2023,288
ATF,2000,112
ATF,2001,163
ATF,2002,231
ATF,2003,288
ATF,2004,292
ATF,2005,268
ATF,2006,321
ATF,2007,371
ATF,2008,334
ATF,2009,380
ATF,2010,284
ATF,2011,281
ATF,2012,303
ATF,2013,296
ATF,2014,301
ATF,2015,293
ATF,2016,246
ATF,2017,259
ATF,2018,288
ATF,2019,283
ATF,2020,258
ATF,2021,280
ATF,2022,261
ATF,2023,282
ATG,2000,968
ATG,2001,801
ATG,2002,797
ATG,2003,810
ATG,2004,809
ATG,2005,947
ATG,2006,975
ATG,2007,998
ATG,2008,895
ATG,2009,1027
ATG,2010,1039
ATG,2011,1001
ATG,2012,1000
ATG,2013,934
ATG,2014,949
ATG,2015,947
ATG,2016,935
ATG,2017,943
ATG,2018,958
ATG,2019,956
ATG,2020,915
ATG,2021,934
ATG,2022,971
ATG,2023,966
AUS,2000,1242
AUS,2001,1242
AUS,2002,1241
AUS,2003,1242
AUS,2004,1240
AUS,2005,1241
AUS,2006,1242
AUS,2007,1243
AUS,2008,1242
AUS,2009,1241
AUS,2010,1240
AUS,2011,1243
AUS,2012,1243
AUS,2013,1242
AUS,2014,1242
AUS,2015,1239
AUS,2016,1242
AUS,2017,1241
AUS,2018,1239
AUS,2019,1239
AUS,2020,1237
AUS,2021,1238
AUS,2022,1239
AUS,2023,1236
AUT,2000,1239
AUT,2001,1239
AUT,2002,1238
AUT,2003,1237
AUT,2004,1240
AUT,2005,1239
AUT,2006,1238
AUT,2007,1240
AUT,2008,1241
AUT,2009,1240
AUT,2010,1241
AUT,2011,1239
AUT,2012,1241
AUT,2013,1238
AUT,2014,1240
AUT,2015,1240
AUT,2016,1237
AUT,2017,1236
AUT,2018,1237
AUT,2019,1235
AUT,2020,1237
AUT,2021,1238
AUT,2022,1238
AUT,2023,1236
AZE,2000,1046
AZE,2001,1028
AZE,2002,1056
AZE,2003,1075
AZE,2004,1073
AZE,2005,1095
AZE,2006,1091
AZE,2007,1103
AZE,2008,1114
AZE,2009,1116
AZE,2010,1140
AZE,2011,1147
AZE,2012,1144
AZE,2013,1145
AZE,2014,1143
AZE,2015,1140
AZE,2016,1143
AZE,2017,1148
AZE,2018,1150
AZE,2019,1160
AZE,2020,1152
AZE,2021,1159
AZE,2022,1153
AZE,2023,1162
BDI,2000,784
BDI,2001,777
BDI,2002,763
BDI,2003,762
BDI,2004,782
BDI,2005,866
BDI,2006,862
BDI,2007,847
BDI,2008,850
BDI,2009,925
BDI,2010,851
BDI,2011,898
BDI,2012,890
BDI,2013,902
BDI,2014,865
BDI,2015,835
BDI,2016,870
BDI,2017,886
BDI,2018,882
BDI,2019,890
BDI,2020,884
BDI,2021,888
BDI,2022,892
BDI,2023,896
BEL,2000,1243
BEL,2001,1242
BEL,2002,1243
BEL,2003,1243
BEL,2004,1243
BEL,2005,1243
BEL,2006,1243
BEL,2007,1242
BEL,2008,1243
BEL,2009,1242
BEL,2010,1242
BEL,2011,1242
BEL,2012,1243
BEL,2013,1241
BEL,2014,1242
BEL,2015,1242
BEL,2016,1242
BEL,2017,1239
BEL,2018,1239
BEL,2019,1241
BEL,2020,1240
BEL,2021,1241
BEL,2022,1242
BEL,2023,1242
BEN,2000,937
BEN,2001,919
BEN,2002,926
BEN,2003,947
BEN,2004,944
BEN,2005,937
BEN,2006,958
BEN,2007,976
BEN,2008,1005
BEN,2009,990
BEN,2010,996
BEN,2011,1014
BEN,2012,991
BEN,2013,1012
BEN,2014,1021
BEN,2015,1017
BEN,2016,1016
BEN,2017,998
BEN,2018,998
BEN,2019,974
BEN,2020,977
BEN,2021,991
BEN,2022,1007
BEN,2023,1022
BES,2011,19
BES,2012,43
BES,2013,445
BES,2014,429
BES,2015,492
BES,2016,487
BES,2017,619
BES,2018,609
BES,2019,626
BES,2020,637
BES,2021,586
BES,2022,616
BES,2023,654
BFA,2000,915
BFA,2001,940
BFA,2002,938
BFA,2003,927
BFA,2004,950
BFA,2005,942
BFA,2006,970
BFA,2007,986
BFA,2008,983
BFA,2009,977
BFA,2010,1004
BFA,2011,998
BFA,2012,1023
BFA,2013,1023
BFA,2014,1016
BFA,2015,1028
BFA,2016,1024
BFA,2017,1020
BFA,2018,1031
BFA,2019,1041
BFA,2020,1030
BFA,2021,1032
BFA,2022,1057
BFA,2023,1051
BGD,2000,1189
BGD,2001,1182
BGD,2002,1176
BGD,2003,1179
BGD,2004,1198
BGD,2005,1190
BGD,2006,1189
BGD,2007,1191
BGD,2008,1204
BGD,2009,1191
BGD,2010,1203
BGD,2011,1197
BGD,2012,1195
BGD,2013,1196
BGD,2014,1174
BGD,2015,1198
BGD,2016,1184
BGD,2017,1206
BGD,2018,1209
BGD,2019,1186
BGD,2020,1180
BGD,2021,1186
BGD,2022,1186
BGD,2023,1190
BGR,2000,1215
BGR,2001,1215
BGR,2002,1216
BGR,2003,1216
BGR,2004,1217
BGR,2005,1222
BGR,2006,1224
BGR,2007,1232
BGR,2008,1232
BGR,2009,1229
BGR,2010,1234
BGR,2011,1231
BGR,2012,1238
BGR,2013,1234
BGR,2014,1232
BGR,2015,1228
BGR,2016,1226
BGR,2017,1234
BGR,2018,1233
BGR,2019,1227
BGR,2020,1227
BGR,2021,1236
BGR,2022,1235
BGR,2023,1232
BHR,2000,1136
BHR,2001,1155
BHR,2002,1152
BHR,2003,1158
BHR,2004,1148
BHR,2005,1163
BHR,2006,1162
BHR,2007,1181
BHR,2008,1195
BHR,2009,1182
BHR,2010,1192
BHR,2011,1181
BHR,2012,1183
BHR,2013,1186
BHR,2014,1181
BHR,2015,1184
BHR,2016,1188
BHR,2017,1181
BHR,2018,1176
BHR,2019,1170
BHR,2020,1163
BHR,2021,1161
BHR,2022,1157
BHR,2023,1166
BHS,2000,1164
BHS,2001,1161
BHS,2002,1149
BHS,2003,1144
BHS,2004,1141
BHS,2005,1150
BHS,2006,1155
BHS,2007,1151
BHS,2008,1143
BHS,2009,1129
BHS,2010,1127
BHS,2011,1121
BHS,2012,1121
BHS,2013,1120
BHS,2014,1122
BHS,2015,1129
BHS,2016,1119
BHS,2017,1133
BHS,2018,1132
BHS,2019,1105
BHS,2020,1104
BHS,2021,1128
BHS,2022,1093
BHS,2023,1117
BIH,2000,1112
BIH,2001,1115
BIH,2002,1117
BIH,2003,1154
BIH,2004,1161
BIH,2005,1160
BIH,2006,1178
BIH,2007,1193
BIH,2008,1186
BIH,2009,1182
BIH,2010,1191
BIH,2011,1180
BIH,2012,1183
BIH,2013,1189
BIH,2014,1190
BIH,2015,1186
BIH,2016,1183
BIH,2017,1169
BIH,2018,1174
BIH,2019,1179
BIH,2020,1170
BIH,2021,1188
BIH,2022,1181
BIH,2023,1178
BLM,2013,555
BLM,2014,250
BLM,2015,594
BLM,2016,620
BLM,2017,634
BLM,2018,657
BLM,2019,701
BLM,2020,375
BLM,2021,397
BLM,2022,358
BLM,2023,718
BLR,2000,1194
BLR,2001,1183
BLR,2002,1181
BLR,2003,1187
BLR,2004,1195
BLR,2005,1186
BLR,2006,1185
BLR,2007,1198
BLR,2008,1199
BLR,2009,1193
BLR,2010,1202
BLR,2011,1200
BLR,2012,1213
BLR,2013,1216
BLR,2014,1207
BLR,2015,1213
BLR,2016,1213
BLR,2017,1212
BLR,2018,1214
BLR,2019,1211
BLR,2020,1214
BLR,2021,1212
BLR,2022,1157
BLR,2023,1152
BLZ,2000,948
BLZ,2001,946
BLZ,2002,948
BLZ,2003,946
BLZ,2004,946
BLZ,2005,940
BLZ,2006,972
BLZ,2007,983
BLZ,2008,1051
BLZ,2009,1023
BLZ,2010,962
BLZ,2011,976
BLZ,2012,998
BLZ,2013,985
BLZ,2014,990
BLZ,2015,989
BLZ,2016,985
BLZ,2017,980
BLZ,2018,974
BLZ,2019,980
BLZ,2020,952
BLZ,2021,989
BLZ,2022,1000
BLZ,2023,995
BMU,2000,819
BMU,2001,828
BMU,2002,836
BMU,2003,847
BMU,2004,848
BMU,2005,853
BMU,2006,845
BMU,2007,862
BMU,2008,882
BMU,2009,877
BMU,2010,1031
BMU,2011,1010
BMU,2012,998
BMU,2013,1001
BMU,2014,977
BMU,2015,976
BMU,2016,984
BMU,2017,993
BMU,2018,1015
BMU,2019,986
BMU,2020,981
BMU,2021,997
BMU,2022,973
BMU,2023,1001
BOL,2000,1138
BOL,2001,1121
BOL,2002,1113
BOL,2003,1112
BOL,2004,1135
BOL,2005,1139
BOL,2006,1129
BOL,2007,1147
BOL,2008,1150
BOL,2009,1156
BOL,2010,1163
BOL,2011,1170
BOL,2012,1171
BOL,2013,1167
BOL,2014,1170
BOL,2015,1173
BOL,2016,1162
BOL,2017,1164
BOL,2018,1163
BOL,2019,1155
BOL,2020,1147
BOL,2021,1138
BOL,2022,1152
BOL,2023,1144
BRA,2000,1237
BRA,2001,1242
BRA,2002,1235
BRA,2003,1240
BRA,2004,1240
BRA,2005,1239
BRA,2006,1240
BRA,2007,1241
BRA,2008,1240
BRA,2009,1237
BRA,2010,1240
BRA,2011,1241
BRA,2012,1241
BRA,2013,1241
BRA,2014,1241
BRA,2015,1237
BRA,2016,1241
BRA,2017,1235
BRA,2018,1238
BRA,2019,1233
BRA,2020,1234
BRA,2021,1233
BRA,2022,1235
BRA,2023,1236
BRB,2000,1084
BRB,2001,1076
BRB,2002,1077
BRB,2003,1077
BRB,2004,1093
BRB,2005,1086
BRB,2006,1103
BRB,2007,1098
BRB,2008,1106
BRB,2009,1120
BRB,2010,1097
BRB,2011,1108
BRB,2012,1083
BRB,2013,1089
BRB,2014,1087
BRB,2015,1083
BRB,2016,1083
BRB,2017,1088
BRB,2018,1069
BRB,2019,1066
BRB,2020,1059
BRB,2021,1041
BRB,2022,1061
BRB,2023,1057
BRN,2000,993
BRN,2001,1083
BRN,2002,1089
BRN,2003,1065
BRN,2004,1092
BRN,2005,987
BRN,2006,1070
BRN,2007,1080
BRN,2008,1089
BRN,2009,1089
BRN,2010,1094
BRN,2011,1093
BRN,2012,1091
BRN,2013,1097
BRN,2014,1085
BRN,2015,1085
BRN,2016,1078
BRN,2017,1076
BRN,2018,1067
BRN,2019,1058
BRN,2020,1048
BRN,2021,1068
BRN,2022,1052
BRN,2023,1055
BTN,2000,370
BTN,2001,356
BTN,2002,404
BTN,2003,457
BTN,2004,486
BTN,2005,872
BTN,2006,853
BTN,2007,863
BTN,2008,874
BTN,2009,873
BTN,2010,884
BTN,2011,900
BTN,2012,937
BTN,2013,527
BTN,2014,549
BTN,2015,588
BTN,2016,600
BTN,2017,918
BTN,2018,948
BTN,2019,953
BTN,2020,937
BTN,2021,905
BTN,2022,973
BTN,2023,962
BVT,2000,13
BVT,2001,40
BVT,2002,54
BVT,2003,48
BVT,2004,35
BVT,2005,68
BVT,2006,80
BVT,2007,79
BVT,2008,163
BVT,2009,129
BVT,2010,157
BVT,2011,191
BVT,2012,98
BVT,2013,43
BVT,2014,54
BVT,2015,31
BVT,2016,39
BVT,2017,30
BVT,2018,36
BVT,2019,23
BVT,2020,33
BVT,2021,37
BVT,2022,41
BVT,2023,56
BWA,2000,1198
BWA,2001,1176
BWA,2002,1202
BWA,2003,1187
BWA,2004,1195
BWA,2005,1174
BWA,2006,1163
BWA,2007,1162
BWA,2008,1160
BWA,2009,1162
BWA,2010,1180
BWA,2011,1165
BWA,2012,1163
BWA,2013,1156
BWA,2014,1140
BWA,2015,1133
BWA,2016,1139
BWA,2017,1142
BWA,2018,1153
BWA,2019,1120
BWA,2020,1103
BWA,2021,1100
BWA,2022,1125
BWA,2023,1109
CAF,2000,665
CAF,2001,637
CAF,2002,662
CAF,2003,642
CAF,2004,680
CAF,2005,681
CAF,2006,609
CAF,2007,725
CAF,2008,719
CAF,2009,688
CAF,2010,701
CAF,2011,683
CAF,2012,652
CAF,2013,607
CAF,2014,702
CAF,2015,703
CAF,2016,703
CAF,2017,742
CAF,2018,725
CAF,2019,750
CAF,2020,767
CAF,2021,766
CAF,2022,759
CAF,2023,756
CAN,2000,1243
CAN,2001,1243
CAN,2002,1243
CAN,2003,1242
CAN,2004,1242
CAN,2005,1243
CAN,2006,1243
CAN,2007,1243
CAN,2008,1243
CAN,2009,1243
CAN,2010,1242
CAN,2011,1243
CAN,2012,1242
CAN,2013,1242
CAN,2014,1242
CAN,2015,1240
CAN,2016,1243
CAN,2017,1242
CAN,2018,1242
CAN,2019,1242
CAN,2020,1241
CAN,2021,1241
CAN,2022,1242
CAN,2023,1241
CCK,2000,224
CCK,2001,275
CCK,2002,248
CCK,2003,231
CCK,2004,253
CCK,2005,230
CCK,2006,277
CCK,2007,268
CCK,2008,247
CCK,2009,232
CCK,2010,225
CCK,2011,237
CCK,2012,254
CCK,2013,217
CCK,2014,213
CCK,2015,197
CCK,2016,222
CCK,2017,243
CCK,2018,224
CCK,2019,219
CCK,2020,224
CCK,2021,254
CCK,2022,288
CCK,2023,309
CHE,2000,1241
CHE,2001,1241
CHE,2002,1241
CHE,2003,1241
CHE,2004,1240
CHE,2005,1241
CHE,2006,1240
CHE,2007,1241
CHE,2008,1242
CHE,2009,1240
CHE,2010,1241
CHE,2011,1240
CHE,2012,1241
CHE,2013,1242
CHE,2014,1242
CHE,2015,1240
CHE,2016,1240
CHE,2017,1241
CHE,2018,1239
CHE,2019,1241
CHE,2020,1239
CHE,2021,1239
CHE,2022,1241
CHE,2023,1241
CHL,2000,1229
CHL,2001,1226
CHL,2002,1226
CHL,2003,1225
CHL,2004,1227
CHL,2005,1224
CHL,2006,1231
CHL,2007,1231
CHL,2008,1233
CHL,2009,1227
CHL,2010,1230
CHL,2011,1231
CHL,2012,1229
CHL,2013,1234
CHL,2014,1230
CHL,2015,1230
CHL,2016,1227
CHL,2017,1226
CHL,2018,1226
CHL,2019,1227
CHL,2020,1226
CHL,2021,1229
CHL,2022,1229
CHL,2023,1227
CHN,2000,1243
CHN,2001,1243
CHN,2002,1243
CHN,2003,1243
CHN,2004,1243
CHN,2005,1243
CHN,2006,1243
CHN,2007,1243
CHN,2008,1243
CHN,2009,1243
CHN,2010,1243
CHN,2011,1243
CHN,2012,1243
CHN,2013,1243
CHN,2014,1243
CHN,2015,1243
CHN,2016,1243
CHN,2017,1243
CHN,2018,1243
CHN,2019,1242
CHN,2020,1242
CHN,2021,1241
CHN,2022,1242
CHN,2023,1242
CIV,2000,1112
CIV,2001,1113
CIV,2002,1111
CIV,2003,1093
CIV,2004,1118
CIV,2005,1113
CIV,2006,1110
CIV,2007,1137
CIV,2008,1133
CIV,2009,1118
CIV,2010,1131
CIV,2011,1127
CIV,2012,1130
CIV,2013,1146
CIV,2014,1136
CIV,2015,1144
CIV,2016,1142
CIV,2017,1147
CIV,2018,1157
CIV,2019,1145
CIV,2020,1144
CIV,2021,1148
CIV,2022,1163
CIV,2023,1153
CMR,2000,1070
CMR,2001,1070
CMR,2002,1090
CMR,2003,1095
CMR,2004,1080
CMR,2005,1094
CMR,2006,1088
CMR,2007,1109
CMR,2008,1123
CMR,2009,1109
CMR,2010,1112
CMR,2011,1114
CMR,2012,1117
CMR,2013,1127
CMR,2014,1131
CMR,2015,1114
CMR,2016,1111
CMR,2017,1126
CMR,2018,1131
CMR,2019,1119
CMR,2020,1116
CMR,2021,1116
CMR,2022,1114
CMR,2023,1123
COD,2000,929
COD,2001,949
COD,2002,970
COD,2003,987
COD,2004,1036
COD,2005,1017
COD,2006,1052
COD,2007,1090
COD,2008,1083
COD,2009,1078
COD,2010,1074
COD,2011,1092
COD,2012,1096
COD,2013,1121
COD,2014,1113
COD,2015,1167
COD,2016,1145
COD,2017,1139
COD,2018,1152
COD,2019,1146
COD,2020,1138
COD,2021,1151
COD,2022,1165
COD,2023,1176
COG,2000,918
COG,2001,921
COG,2002,919
COG,2003,950
COG,2004,944
COG,2005,963
COG,2006,997
COG,2007,1057
COG,2008,1081
COG,2009,1067
COG,2010,1072
COG,2011,1078
COG,2012,1090
COG,2013,1074
COG,2014,1099
COG,2015,1109
COG,2016,1076
COG,2017,1069
COG,2018,1057
COG,2019,1060
COG,2020,1044
COG,2021,1055
COG,2022,1070
COG,2023,1093
COK,2000,561
COK,2001,588
COK,2002,628
COK,2003,657
COK,2004,688
COK,2005,768
COK,2006,715
COK,2007,761
COK,2008,717
COK,2009,755
COK,2010,767
COK,2011,756
COK,2012,711
COK,2013,717
COK,2014,708
COK,2015,712
COK,2016,688
COK,2017,705
COK,2018,699
COK,2019,713
COK,2020,648
COK,2021,680
COK,2022,696
COK,2023,694
COL,2000,1223
COL,2001,1220
COL,2002,1225
COL,2003,1229
COL,2004,1224
COL,2005,1221
COL,2006,1224
COL,2007,1225
COL,2008,1230
COL,2009,1230
COL,2010,1226
COL,2011,1227
COL,2012,1228
COL,2013,1228
COL,2014,1223
COL,2015,1223
COL,2016,1226
COL,2017,1225
COL,2018,1225
COL,2019,1222
COL,2020,1223
COL,2021,1217
COL,2022,1219
COL,2023,1228
COM,2000,563
COM,2001,552
COM,2002,609
COM,2003,621
COM,2004,647
COM,2005,671
COM,2006,639
COM,2007,681
COM,2008,713
COM,2009,770
COM,2010,727
COM,2011,739
COM,2012,730
COM,2013,749
COM,2014,755
COM,2015,732
COM,2016,752
COM,2017,732
COM,2018,761
COM,2019,748
COM,2020,737
COM,2021,742
COM,2022,741
COM,2023,736
CPV,2000,860
CPV,2001,860
CPV,2002,880
CPV,2003,877
CPV,2004,878
CPV,2005,910
CPV,2006,925
CPV,2007,947
CPV,2008,948
CPV,2009,943
CPV,2010,932
CPV,2011,945
CPV,2012,930
CPV,2013,942
CPV,2014,936
CPV,2015,915
CPV,2016,937
CPV,2017,961
CPV,2018,957
CPV,2019,959
CPV,2020,940
CPV,2021,945
CPV,2022,954
CPV,2023,954
CRI,2000,1175
CRI,2001,1184
CRI,2002,1178
CRI,2003,1186
CRI,2004,1172
CRI,2005,1192
CRI,2006,1183
CRI,2007,1193
CRI,2008,1200
CRI,2009,1189
CRI,2010,1193
CRI,2011,1202
CRI,2012,1200
CRI,2013,1192
CRI,2014,1195
CRI,2015,1181
CRI,2016,1191
CRI,2017,1195
CRI,2018,1192
CRI,2019,1186
CRI,2020,1190
CRI,2021,1185
CRI,2022,1187
CRI,2023,1188
CUB,2000,1149
CUB,2001,1136
CUB,2002,1127
CUB,2003,1134
CUB,2004,1122
CUB,2005,1125
CUB,2006,1127
CUB,2007,1078
CUB,2008,1082
CUB,2009,1044
CUB,2010,1064
CUB,2011,1073
CUB,2012,1081
CUB,2013,1083
CUB,2014,1060
CUB,2015,1061
CUB,2016,1098
CUB,2017,1101
CUB,2018,1107
CUB,2019,1111
CUB,2020,1066
CUB,2021,1069
CUB,2022,1073
CUB,2023,1003
CUW,2011,1000
CUW,2012,992
CUW,2013,994
CUW,2014,978
CUW,2015,974
CUW,2016,963
CUW,2017,1080
CUW,2018,1059
CUW,2019,1062
CUW,2020,1033
CUW,2021,919
CUW,2022,967
CUW,2023,974
CXR,2000,355
CXR,2001,302
CXR,2002,399
CXR,2003,308
CXR,2004,329
CXR,2005,355
CXR,2006,372
CXR,2007,363
CXR,2008,289
CXR,2009,323
CXR,2010,383
CXR,2011,390
CXR,2012,390
CXR,2013,396
CXR,2014,419
CXR,2015,346
CXR,2016,350
CXR,2017,363
CXR,2018,304
CXR,2019,328
CXR,2020,325
CXR,2021,332
CXR,2022,392
CXR,2023,368
CYM,2000,714
CYM,2001,766
CYM,2002,752
CYM,2003,788
CYM,2004,770
CYM,2005,804
CYM,2006,854
CYM,2007,862
CYM,2008,888
CYM,2009,856
CYM,2010,836
CYM,2011,833
CYM,2012,833
CYM,2013,832
CYM,2014,825
CYM,2015,833
CYM,2016,857
CYM,2017,864
CYM,2018,877
CYM,2019,897
CYM,2020,1006
CYM,2021,1021
CYM,2022,1021
CYM,2023,1021
CYP,2000,1181
CYP,2001,1184
CYP,2002,1177
CYP,2003,1184
CYP,2004,1182
CYP,2005,1181
CYP,2006,1184
CYP,2007,1187
CYP,2008,1184
CYP,2009,1180
CYP,2010,1194
CYP,2011,1180
CYP,2012,1192
CYP,2013,1178
CYP,2014,1181
CYP,2015,1187
CYP,2016,1174
CYP,2017,1172
CYP,2018,1183
CYP,2019,1175
CYP,2020,1182
CYP,2021,1171
CYP,2022,1183
CYP,2023,1190
CZE,2000,1237
CZE,2001,1238
CZE,2002,1238
CZE,2003,1236
CZE,2004,1240
CZE,2005,1235
CZE,2006,1238
CZE,2007,1240
CZE,2008,1239
CZE,2009,1239
CZE,2010,1242
CZE,2011,1238
CZE,2012,1240
CZE,2013,1240
CZE,2014,1241
CZE,2015,1238
CZE,2016,1240
CZE,2017,1238
CZE,2018,1239
CZE,2019,1238
CZE,2020,1237
CZE,2021,1239
CZE,2022,1238
CZE,2023,1238
DEU,2000,1243
DEU,2001,1243
DEU,2002,1243
DEU,2003,1243
DEU,2004,1243
DEU,2005,1243
DEU,2006,1243
DEU,2007,1243
DEU,2008,1243
DEU,2009,1243
DEU,2010,1243
DEU,2011,1243
DEU,2012,1243
DEU,2013,1243
DEU,2014,1242
DEU,2015,1243
DEU,2016,1243
DEU,2017,1243
DEU,2018,1242
DEU,2019,1241
DEU,2020,1242
DEU,2021,1242
DEU,2022,1242
DEU,2023,1242
DJI,2000,867
DJI,2001,873
DJI,2002,892
DJI,2003,876
DJI,2004,871
DJI,2005,898
DJI,2006,887
DJI,2007,927
DJI,2008,944
DJI,2009,1004
DJI,2010,934
DJI,2011,940
DJI,2012,967
DJI,2013,963
DJI,2014,987
DJI,2015,983
DJI,2016,990
DJI,2017,986
DJI,2018,997
DJI,2019,988
DJI,2020,987
DJI,2021,1034
DJI,2022,1045
DJI,2023,1041
DMA,2000,893
DMA,2001,892
DMA,2002,845
DMA,2003,853
DMA,2004,883
DMA,2005,892
DMA,2006,898
DMA,2007,918
DMA,2008,916
DMA,2009,909
DMA,2010,905
DMA,2011,811
DMA,2012,864
DMA,2013,881
DMA,2014,757
DMA,2015,777
DMA,2016,870
DMA,2017,855
DMA,2018,878
DMA,2019,880
DMA,2020,823
DMA,2021,838
DMA,2022,837
DMA,2023,836
DNK,2000,1237
DNK,2001,1238
DNK,2002,1235
DNK,2003,1237
DNK,2004,1235
DNK,2005,1237
DNK,2006,1238
DNK,2007,1237
DNK,2008,1238
DNK,2009,1238
DNK,2010,1236
DNK,2011,1237
DNK,2012,1235
DNK,2013,1237
DNK,2014,1234
DNK,2015,1238
DNK,2016,1237
DNK,2017,1233
DNK,2018,1235
DNK,2019,1238
DNK,2020,1236
DNK,2021,1236
DNK,2022,1238
DNK,2023,1239
DOM,2000,1150
DOM,2001,1179
DOM,2002,1183
DOM,2003,1193
DOM,2004,1185
DOM,2005,1188
DOM,2006,1202
DOM,2007,1207
DOM,2008,1211
DOM,2009,1199
DOM,2010,1200
DOM,2011,1205
DOM,2012,1202
DOM,2013,1200
DOM,2014,1197
DOM,2015,1203
DOM,2016,1205
DOM,2017,1199
DOM,2018,1194
DOM,2019,1199
DOM,2020,1190
DOM,2021,1194
DOM,2022,1199
DOM,2023,1187
DZA,2000,1165
DZA,2001,1151
DZA,2002,1173
DZA,2003,1169
DZA,2004,1174
DZA,2005,1188
DZA,2006,1175
DZA,2007,1181
DZA,2008,1185
DZA,2009,1182
DZA,2010,1188
DZA,2011,1184
DZA,2012,1180
DZA,2013,1190
DZA,2014,1185
DZA,2015,1183
DZA,2016,1178
DZA,2017,1169
DZA,2018,1149
DZA,2019,1134
DZA,2020,1127
DZA,2021,1126
DZA,2022,1128
DZA,2023,1147
ECU,2000,1177
ECU,2001,1186
ECU,2002,1180
ECU,2003,1181
ECU,2004,1170
ECU,2005,1183
ECU,2006,1191
ECU,2007,1189
ECU,2008,1194
ECU,2009,1199
ECU,2010,1192
ECU,2011,1190
ECU,2012,1202
ECU,2013,1202
ECU,2014,1205
ECU,2015,1192
ECU,2016,1195
ECU,2017,1195
ECU,2018,1200
ECU,2019,1195
ECU,2020,1188
ECU,2021,1191
ECU,2022,1201
ECU,2023,1190
EGY,2000,1221
EGY,2001,1219
EGY,2002,1216
EGY,2003,1222
EGY,2004,1226
EGY,2005,1229
EGY,2006,1229
EGY,2007,1228
EGY,2008,1228
EGY,2009,1236
EGY,2010,1226
EGY,2011,1229
EGY,2012,1230
EGY,2013,1230
EGY,2014,1228
EGY,2015,1229
EGY,2016,1221
EGY,2017,1224
EGY,2018,1223
EGY,2019,1219
EGY,2020,1224
EGY,2021,1225
EGY,2022,1217
EGY,2023,1216
ERI,2000,810
ERI,2001,859
ERI,2002,893
ERI,2003,957
ERI,2004,697
ERI,2005,700
ERI,2006,630
ERI,2007,680
ERI,2008,667
ERI,2009,651
ERI,2010,686
ERI,2011,674
ERI,2012,725
ERI,2013,716
ERI,2014,705
ERI,2015,608
ERI,2016,601
ERI,2017,588
ERI,2018,637
ERI,2019,621
ERI,2020,591
ERI,2021,618
ERI,2022,639
ERI,2023,610
ESP,2000,1243
ESP,2001,1242
ESP,2002,1243
ESP,2003,1243
ESP,2004,1243
ESP,2005,1242
ESP,2006,1243
ESP,2007,1242
ESP,2008,1243
ESP,2009,1243
ESP,2010,1243
ESP,2011,1243
ESP,2012,1243
ESP,2013,1243
ESP,2014,1242
ESP,2015,1243
ESP,2016,1242
ESP,2017,1242
ESP,2018,1241
ESP,2019,1242
ESP,2020,1241
ESP,2021,1242
ESP,2022,1241
ESP,2023,1242
EST,2000,1187
EST,2001,1185
EST,2002,1180
EST,2003,1186
EST,2004,1194
EST,2005,1195
EST,2006,1202
EST,2007,1205
EST,2008,1206
EST,2009,1204
EST,2010,1198
EST,2011,1204
EST,2012,1205
EST,2013,1210
EST,2014,1207
EST,2015,1218
EST,2016,1204
EST,2017,1209
EST,2018,1209
EST,2019,1211
EST,2020,1208
EST,2021,1211
EST,2022,1216
EST,2023,1215
ETH,2000,1044
ETH,2001,1052
ETH,2002,1064
ETH,2003,1088
ETH,2004,1093
ETH,2005,1102
ETH,2006,1112
ETH,2007,1135
ETH,2008,1128
ETH,2009,1121
ETH,2010,1133
ETH,2011,1138
ETH,2012,1150
ETH,2013,1156
ETH,2014,1151
ETH,2015,1162
ETH,2016,1147
ETH,2017,1150
ETH,2018,1145
ETH,2019,1144
ETH,2020,1139
ETH,2021,1152
ETH,2022,1145
ETH,2023,1134
FIN,2000,1227
FIN,2001,1230
FIN,2002,1230
FIN,2003,1234
FIN,2004,1225
FIN,2005,1229
FIN,2006,1232
FIN,2007,1224
FIN,2008,1231
FIN,2009,1230
FIN,2010,1228
FIN,2011,1232
FIN,2012,1230
FIN,2013,1235
FIN,2014,1231
FIN,2015,1230
FIN,2016,1229
FIN,2017,1229
FIN,2018,1233
FIN,2019,1232
FIN,2020,1227
FIN,2021,1230
FIN,2022,1229
FIN,2023,1225
FJI,2000,991
FJI,2001,991
FJI,2002,1090
FJI,2003,1074
FJI,2004,1105
FJI,2005,1115
FJI,2006,1102
FJI,2007,1107
FJI,2008,1101
FJI,2009,1112
FJI,2010,1115
FJI,2011,1104
FJI,2012,1125
FJI,2013,1114
FJI,2014,1116
FJI,2015,1107
FJI,2016,1101
FJI,2017,1100
FJI,2018,1093
FJI,2019,1071
FJI,2020,1060
FJI,2021,1064
FJI,2022,1083
FJI,2023,1079
FLK,2000,458
FLK,2001,407
FLK,2002,369
FLK,2003,379
FLK,2004,466
FLK,2005,437
FLK,2006,414
FLK,2007,430
FLK,2008,440
FLK,2009,441
FLK,2010,482
FLK,2011,513
FLK,2012,526
FLK,2013,521
FLK,2014,563
FLK,2015,575
FLK,2016,538
FLK,2017,556
FLK,2018,509
FLK,2019,536
FLK,2020,509
FLK,2021,524
FLK,2022,531
FLK,2023,549
FRA,2000,1243
FRA,2001,1243
FRA,2002,1243
FRA,2003,1243
FRA,2004,1243
FRA,2005,1243
FRA,2006,1243
FRA,2007,1243
FRA,2008,1243
FRA,2009,1243
FRA,2010,1243
FRA,2011,1243
FRA,2012,1243
FRA,2013,1243
FRA,2014,1243
FRA,2015,1243
FRA,2016,1243
FRA,2017,1242
FRA,2018,1242
FRA,2019,1242
FRA,2020,1242
FRA,2021,1241
FRA,2022,1242
FRA,2023,1242
FRO,2000,968
FRO,2001,965
FRO,2002,988
FRO,2003,987
FRO,2004,1007
FRO,2005,1017
FRO,2006,1028
FRO,2007,1017
FRO,2008,1033
FRO,2009,1009
FRO,2010,927
FRO,2011,910
FRO,2012,910
FRO,2013,939
FRO,2014,940
FRO,2015,930
FRO,2016,926
FRO,2017,921
FRO,2018,938
FRO,2019,954
FRO,2020,973
FRO,2021,980
FRO,2022,950
FRO,2023,964
FSM,2000,484
FSM,2001,492
FSM,2002,514
FSM,2003,832
FSM,2004,819
FSM,2005,794
FSM,2006,801
FSM,2007,779
FSM,2008,787
FSM,2009,782
FSM,2010,792
FSM,2011,782
FSM,2012,800
FSM,2013,769
FSM,2014,493
FSM,2015,492
FSM,2016,475
FSM,2017,502
FSM,2018,499
FSM,2019,499
FSM,2020,522
FSM,2021,529
FSM,2022,511
FSM,2023,542
GAB,2000,1003
GAB,2001,1012
GAB,2002,983
GAB,2003,1013
GAB,2004,1021
GAB,2005,1039
GAB,2006,1038
GAB,2007,1047
GAB,2008,1069
GAB,2009,1065
GAB,2010,1064
GAB,2011,1070
GAB,2012,1065
GAB,2013,1077
GAB,2014,1090
GAB,2015,1063
GAB,2016,1056
GAB,2017,1049
GAB,2018,1058
GAB,2019,1050
GAB,2020,1038
GAB,2021,1033
GAB,2022,1063
GAB,2023,1053
GBR,2000,1243
GBR,2001,1243
GBR,2002,1243
GBR,2003,1243
GBR,2004,1243
GBR,2005,1243
GBR,2006,1243
GBR,2007,1243
GBR,2008,1243
GBR,2009,1243
GBR,2010,1243
GBR,2011,1243
GBR,2012,1243
GBR,2013,1242
GBR,2014,1243
GBR,2015,1243
GBR,2016,1243
GBR,2017,1243
GBR,2018,1243
GBR,2019,1242
GBR,2020,1241
GBR,2021,1242
GBR,2022,1242
GBR,2023,1241
GEO,2000,1057
GEO,2001,1041
GEO,2002,1049
GEO,2003,1050
GEO,2004,1093
GEO,2005,1107
GEO,2006,1125
GEO,2007,1128
GEO,2008,1137
GEO,2009,1119
GEO,2010,1131
GEO,2011,1155
GEO,2012,1147
GEO,2013,1151
GEO,2014,1151
GEO,2015,1146
GEO,2016,1140
GEO,2017,1148
GEO,2018,1157
GEO,2019,1148
GEO,2020,1141
GEO,2021,1153
GEO,2022,1162
GEO,2023,1149
GHA,2000,1144
GHA,2001,1129
GHA,2002,1136
GHA,2003,1155
GHA,2004,1084
GHA,2005,1161
GHA,2006,1159
GHA,2007,1171
GHA,2008,1172
GHA,2009,1159
GHA,2010,1160
GHA,2011,1181
GHA,2012,1190
GHA,2013,1181
GHA,2014,1175
GHA,2015,1176
GHA,2016,1172
GHA,2017,1175
GHA,2018,1175
GHA,2019,1179
GHA,2020,1126
GHA,2021,1178
GHA,2022,1177
GHA,2023,1178
GIB,2000,811
GIB,2001,789
GIB,2002,813
GIB,2003,840
GIB,2004,847
GIB,2005,866
GIB,2006,887
GIB,2007,888
GIB,2008,883
GIB,2009,878
GIB,2010,863
GIB,2011,871
GIB,2012,848
GIB,2013,877
GIB,2014,880
GIB,2015,864
GIB,2016,878
GIB,2017,877
GIB,2018,876
GIB,2019,890
GIB,2020,854
GIB,2021,864
GIB,2022,887
GIB,2023,868
GIN,2000,953
GIN,2001,935
GIN,2002,942
GIN,2003,885
GIN,2004,966
GIN,2005,972
GIN,2006,944
GIN,2007,990
GIN,2008,982
GIN,2009,894
GIN,2010,907
GIN,2011,928
GIN,2012,938
GIN,2013,1038
GIN,2014,1025
GIN,2015,1030
GIN,2016,1035
GIN,2017,968
GIN,2018,994
GIN,2019,979
GIN,2020,974
GIN,2021,993
GIN,2022,1008
GIN,2023,1020
GMB,2000,833
GMB,2001,840
GMB,2002,860
GMB,2003,897
GMB,2004,884
GMB,2005,883
GMB,2006,901
GMB,2007,908
GMB,2008,887
GMB,2009,849
GMB,2010,879
GMB,2011,881
GMB,2012,875
GMB,2013,883
GMB,2014,888
GMB,2015,875
GMB,2016,869
GMB,2017,861
GMB,2018,889
GMB,2019,915
GMB,2020,919
GMB,2021,941
GMB,2022,938
GMB,2023,930
GNB,2000,556
GNB,2001,530
GNB,2002,540
GNB,2003,588
GNB,2004,590
GNB,2005,615
GNB,2006,583
GNB,2007,599
GNB,2008,608
GNB,2009,592
GNB,2010,598
GNB,2011,656
GNB,2012,624
GNB,2013,607
GNB,2014,680
GNB,2015,710
GNB,2016,693
GNB,2017,712
GNB,2018,721
GNB,2019,635
GNB,2020,617
GNB,2021,648
GNB,2022,669
GNB,2023,693
GNQ,2000,576
GNQ,2001,630
GNQ,2002,663
GNQ,2003,705
GNQ,2004,729
GNQ,2005,725
GNQ,2006,806
GNQ,2007,830
GNQ,2008,835
GNQ,2009,865
GNQ,2010,857
GNQ,2011,887
GNQ,2012,891
GNQ,2013,916
GNQ,2014,928
GNQ,2015,882
GNQ,2016,862
GNQ,2017,849
GNQ,2018,848
GNQ,2019,863
GNQ,2020,827
GNQ,2021,822
GNQ,2022,836
GNQ,2023,855
GRC,2000,1235
GRC,2001,1234
GRC,2002,1231
GRC,2003,1236
GRC,2004,1237
GRC,2005,1233
GRC,2006,1237
GRC,2007,1236
GRC,2008,1237
GRC,2009,1233
GRC,2010,1231
GRC,2011,1234
GRC,2012,1231
GRC,2013,1233
GRC,2014,1231
GRC,2015,1232
GRC,2016,1232
GRC,2017,1233
GRC,2018,1235
GRC,2019,1234
GRC,2020,1233
GRC,2021,1234
GRC,2022,1232
GRC,2023,1233
GRD,2000,870
GRD,2001,838
GRD,2002,854
GRD,2003,877
GRD,2004,855
GRD,2005,880
GRD,2006,885
GRD,2007,884
GRD,2008,872
GRD,2009,864
GRD,2010,879
GRD,2011,866
GRD,2012,858
GRD,2013,887
GRD,2014,881
GRD,2015,893
GRD,2016,899
GRD,2017,918
GRD,2018,925
GRD,2019,917
GRD,2020,892
GRD,2021,893
GRD,2022,908
GRD,2023,934
GRL,2000,826
GRL,2001,835
GRL,2002,886
GRL,2003,910
GRL,2004,899
GRL,2005,908
GRL,2006,930
GRL,2007,949
GRL,2008,919
GRL,2009,899
GRL,2010,922
GRL,2011,932
GRL,2012,947
GRL,2013,923
GRL,2014,898
GRL,2015,872
GRL,2016,895
GRL,2017,890
GRL,2018,888
GRL,2019,889
GRL,2020,893
GRL,2021,915
GRL,2022,917
GRL,2023,934
GTM,2000,1199
GTM,2001,1207
GTM,2002,1192
GTM,2003,1185
GTM,2004,1192
GTM,2005,1189
GTM,2006,1189
GTM,2007,1196
GTM,2008,1192
GTM,2009,1189
GTM,2010,1180
GTM,2011,1186
GTM,2012,1194
GTM,2013,1197
GTM,2014,1188
GTM,2015,1181
GTM,2016,1188
GTM,2017,1187
GTM,2018,1185
GTM,2019,1182
GTM,2020,1188
GTM,2021,1194
GTM,2022,1186
GTM,2023,1190
GUM,2000,615
GUM,2001,611
GUM,2002,656
GUM,2003,699
GUM,2004,714
GUM,2005,694
GUM,2006,722
GUM,2007,736
GUM,2008,725
GUM,2009,740
GUM,2010,715
GUM,2011,743
GUM,2012,734
GUM,2013,726
GUM,2014,679
GUM,2015,637
GUM,2016,659
GUM,2017,661
GUM,2018,653
GUM,2019,617
GUM,2020,598
GUM,2021,622
GUM,2022,638
GUM,2023,651
GUY,2000,1013
GUY,2001,1003
GUY,2002,985
GUY,2003,1000
GUY,2004,1000
GUY,2005,1015
GUY,2006,1019
GUY,2007,1022
GUY,2008,1027
GUY,2009,1035
GUY,2010,1060
GUY,2011,1062
GUY,2012,1049
GUY,2013,1036
GUY,2014,1037
GUY,2015,1033
GUY,2016,1039
GUY,2017,1044
GUY,2018,1048
GUY,2019,1053
GUY,2020,1036
GUY,2021,1042
GUY,2022,1057
GUY,2023,1085
HKG,2000,1238
HKG,2001,1240
HKG,2002,1241
HKG,2003,1239
HKG,2004,1238
HKG,2005,1237
HKG,2006,1238
HKG,2007,1241
HKG,2008,1240
HKG,2009,1240
HKG,2010,1239
HKG,2011,1237
HKG,2012,1239
HKG,2013,1239
HKG,2014,1239
HKG,2015,1241
HKG,2016,1241
HKG,2017,1239
HKG,2018,1238
HKG,2019,1237
HKG,2020,1231
HKG,2021,1233
HKG,2022,1233
HKG,2023,1235
HMD,2000,35
HMD,2001,41
HMD,2002,47
HMD,2003,59
HMD,2004,54
HMD,2005,41
HMD,2006,60
HMD,2007,91
HMD,2008,47
HMD,2009,43
HMD,2010,45
HMD,2011,54
HMD,2012,30
HMD,2013,50
HMD,2014,42
HMD,2015,29
HMD,2016,18
HMD,2017,32
HMD,2018,36
HMD,2019,21
HMD,2020,39
HMD,2021,32
HMD,2022,39
HMD,2023,29
HND,2000,1158
HND,2001,1148
HND,2002,1154
HND,2003,1136
HND,2004,1148
HND,2005,1144
HND,2006,1148
HND,2007,1167
HND,2008,1126
HND,2009,1147
HND,2010,1155
HND,2011,1154
HND,2012,1164
HND,2013,1116
HND,2014,1151
HND,2015,1142
HND,2016,1148
HND,2017,1155
HND,2018,1155
HND,2019,1162
HND,2020,1130
HND,2021,1148
HND,2022,1123
HND,2023,1140
HRV,2000,1217
HRV,2001,1206
HRV,2002,1214
HRV,2003,1217
HRV,2004,1215
HRV,2005,1213
HRV,2006,1218
HRV,2007,1217
HRV,2008,1215
HRV,2009,1211
HRV,2010,1209
HRV,2011,1214
HRV,2012,1214
HRV,2013,1214
HRV,2014,1208
HRV,2015,1217
HRV,2016,1213
HRV,2017,1214
HRV,2018,1219
HRV,2019,1220
HRV,2020,1217
HRV,2021,1224
HRV,2022,1221
HRV,2023,1217
HTI,2000,883
HTI,2001,892
HTI,2002,881
HTI,2003,873
HTI,2004,894
HTI,2005,879
HTI,2006,909
HTI,2007,926
HTI,2008,948
HTI,2009,942
HTI,2010,946
HTI,2011,968
HTI,2012,978
HTI,2013,988
HTI,2014,985
HTI,2015,987
HTI,2016,985
HTI,2017,972
HTI,2018,980
HTI,2019,965
HTI,2020,962
HTI,2021,939
HTI,2022,924
HTI,2023,909
HUN,2000,1225
HUN,2001,1228
HUN,2002,1224
HUN,2003,1221
HUN,2004,1226
HUN,2005,1221
HUN,2006,1226
HUN,2007,1228
HUN,2008,1227
HUN,2009,1221
HUN,2010,1231
HUN,2011,1233
HUN,2012,1234
HUN,2013,1228
HUN,2014,1231
HUN,2015,1234
HUN,2016,1236
HUN,2017,1234
HUN,2018,1230
HUN,2019,1230
HUN,2020,1237
HUN,2021,1235
HUN,2022,1237
HUN,2023,1234
IDN,2000,1241
IDN,2001,1240
IDN,2002,1242
IDN,2003,1241
IDN,2004,1239
IDN,2005,1238
IDN,2006,1240
IDN,2007,1240
IDN,2008,1241
IDN,2009,1241
IDN,2010,1238
IDN,2011,1241
IDN,2012,1241
IDN,2013,1242
IDN,2014,1237
IDN,2015,1238
IDN,2016,1237
IDN,2017,1238
IDN,2018,1239
IDN,2019,1237
IDN,2020,1232
IDN,2021,1237
IDN,2022,1236
IDN,2023,1236
IND,2000,1241
IND,2001,1239
IND,2002,1242
IND,2003,1242
IND,2004,1240
IND,2005,1242
IND,2006,1241
IND,2007,1243
IND,2008,1242
IND,2009,1242
IND,2010,1242
IND,2011,1243
IND,2012,1241
IND,2013,1242
IND,2014,1241
IND,2015,1242
IND,2016,1243
IND,2017,1243
IND,2018,1241
IND,2019,1242
IND,2020,1238
IND,2021,1238
IND,2022,1239
IND,2023,1240
IRL,2000,1242
IRL,2001,1239
IRL,2002,1241
IRL,2003,1240
IRL,2004,1237
IRL,2005,1238
IRL,2006,1239
IRL,2007,1239
IRL,2008,1240
IRL,2009,1239
IRL,2010,1235
IRL,2011,1236
IRL,2012,1231
IRL,2013,1232
IRL,2014,1233
IRL,2015,1236
IRL,2016,1228
IRL,2017,1233
IRL,2018,1233
IRL,2019,1228
IRL,2020,1231
IRL,2021,1236
IRL,2022,1238
IRL,2023,1237
IRN,2000,1200
IRN,2001,1205
IRN,2002,1209
IRN,2003,1200
IRN,2004,1204
IRN,2005,1219
IRN,2006,1211
IRN,2007,1215
IRN,2008,1217
IRN,2009,1200
IRN,2010,1219
IRN,2011,1216
IRN,2012,1203
IRN,2013,1217
IRN,2014,1221
IRN,2015,1220
IRN,2016,1220
IRN,2017,1222
IRN,2018,1210
IRN,2019,1197
IRN,2020,1186
IRN,2021,1197
IRN,2022,1192
IRN,2023,1173
IRQ,2000,948
IRQ,2001,1032
IRQ,2002,1012
IRQ,2003,949
IRQ,2004,1085
IRQ,2005,1116
IRQ,2006,1078
IRQ,2007,1100
IRQ,2008,1095
IRQ,2009,1101
IRQ,2010,1125
IRQ,2011,1113
IRQ,2012,1144
IRQ,2013,1157
IRQ,2014,1162
IRQ,2015,1150
IRQ,2016,1136
IRQ,2017,1148
IRQ,2018,1162
IRQ,2019,1164
IRQ,2020,1152
IRQ,2021,1160
IRQ,2022,1162
IRQ,2023,1156
ISL,2000,1135
ISL,2001,1148
ISL,2002,1145
ISL,2003,1143
ISL,2004,1159
ISL,2005,1167
ISL,2006,1170
ISL,2007,1178
ISL,2008,1163
ISL,2009,1155
ISL,2010,1152
ISL,2011,1160
ISL,2012,1156
ISL,2013,1161
ISL,2014,1158
ISL,2015,1160
ISL,2016,1159
ISL,2017,1170
ISL,2018,1172
ISL,2019,1175
ISL,2020,1158
ISL,2021,1164
ISL,2022,1176
ISL,2023,1169
ISR,2000,1230
ISR,2001,1232
ISR,2002,1235
ISR,2003,1229
ISR,2004,1228
ISR,2005,1230
ISR,2006,1231
ISR,2007,1230
ISR,2008,1233
ISR,2009,1230
ISR,2010,1229
ISR,2011,1231
ISR,2012,1229
ISR,2013,1228
ISR,2014,1228
ISR,2015,1228
ISR,2016,1231
ISR,2017,1225
ISR,2018,1229
ISR,2019,1227
ISR,2020,1230
ISR,2021,1229
ISR,2022,1232
ISR,2023,1223
ITA,2000,1243
ITA,2001,1243
ITA,2002,1243
ITA,2003,1243
ITA,2004,1243
ITA,2005,1243
ITA,2006,1243
ITA,2007,1243
ITA,2008,1243
ITA,2009,1243
ITA,2010,1242
ITA,2011,1242
ITA,2012,1243
ITA,2013,1243
ITA,2014,1243
ITA,2015,1243
ITA,2016,1243
ITA,2017,1243
ITA,2018,1242
ITA,2019,1242
ITA,2020,1240
ITA,2021,1242
ITA,2022,1242
ITA,2023,1242
JAM,2000,1113
JAM,2001,1118
JAM,2002,1129
JAM,2003,1136
JAM,2004,1126
JAM,2005,1129
JAM,2006,1134
JAM,2007,1143
JAM,2008,1141
JAM,2009,1137
JAM,2010,1127
JAM,2011,1123
JAM,2012,1122
JAM,2013,1118
JAM,2014,1121
JAM,2015,1120
JAM,2016,1129
JAM,2017,1124
JAM,2018,1123
JAM,2019,1124
JAM,2020,1106
JAM,2021,1099
JAM,2022,1108
JAM,2023,1121
JOR,2000,1180
JOR,2001,1176
JOR,2002,1164
JOR,2003,1165
JOR,2004,1176
JOR,2005,1177
JOR,2006,1187
JOR,2007,1184
JOR,2008,1195
JOR,2009,1182
JOR,2010,1186
JOR,2011,1187
JOR,2012,1198
JOR,2013,1191
JOR,2014,1182
JOR,2015,1182
JOR,2016,1176
JOR,2017,1183
JOR,2018,1181
JOR,2019,1175
JOR,2020,1175
JOR,2021,1173
JOR,2022,1177
JOR,2023,1182
JPN,2000,1243
JPN,2001,1242
JPN,2002,1242
JPN,2003,1242
JPN,2004,1242
JPN,2005,1242
JPN,2006,1242
JPN,2007,1243
JPN,2008,1243
JPN,2009,1242
JPN,2010,1243
JPN,2011,1242
JPN,2012,1241
JPN,2013,1241
JPN,2014,1243
JPN,2015,1241
JPN,2016,1242
JPN,2017,1242
JPN,2018,1240
JPN,2019,1241
JPN,2020,1240
JPN,2021,1242
JPN,2022,1241
JPN,2023,1241
KAZ,2000,1158
KAZ,2001,1179
KAZ,2002,1169
KAZ,2003,1169
KAZ,2004,1175
KAZ,2005,1177
KAZ,2006,1186
KAZ,2007,1200
KAZ,2008,1199
KAZ,2009,1193
KAZ,2010,1193
KAZ,2011,1212
KAZ,2012,1217
KAZ,2013,1218
KAZ,2014,1210
KAZ,2015,1219
KAZ,2016,1219
KAZ,2017,1209
KAZ,2018,1219
KAZ,2019,1214
KAZ,2020,1216
KAZ,2021,1215
KAZ,2022,1217
KAZ,2023,1220
KEN,2000,1171
KEN,2001,1186
KEN,2002,1180
KEN,2003,1190
KEN,2004,1168
KEN,2005,1201
KEN,2006,1208
KEN,2007,1198
KEN,2008,1206
KEN,2009,1204
KEN,2010,1197
KEN,2011,1176
KEN,2012,1181
KEN,2013,1201
KEN,2014,1167
KEN,2015,1196
KEN,2016,1185
KEN,2017,1191
KEN,2018,1190
KEN,2019,1180
KEN,2020,1189
KEN,2021,1199
KEN,2022,1189
KEN,2023,1192
KGZ,2000,1003
KGZ,2001,985
KGZ,2002,1010
KGZ,2003,1015
KGZ,2004,1040
KGZ,2005,1043
KGZ,2006,1063
KGZ,2007,1076
KGZ,2008,1080
KGZ,2009,1079
KGZ,2010,1063
KGZ,2011,1094
KGZ,2012,1104
KGZ,2013,1094
KGZ,2014,1107
KGZ,2015,1093
KGZ,2016,1104
KGZ,2017,1107
KGZ,2018,1111
KGZ,2019,1128
KGZ,2020,1100
KGZ,2021,1129
KGZ,2022,1137
KGZ,2023,1170
KHM,2000,1030
KHM,2001,1012
KHM,2002,1026
KHM,2003,1023
KHM,2004,1022
KHM,2005,1030
KHM,2006,1046
KHM,2007,1069
KHM,2008,1077
KHM,2009,1082
KHM,2010,1081
KHM,2011,1111
KHM,2012,1109
KHM,2013,1097
KHM,2014,1122
KHM,2015,1119
KHM,2016,1137
KHM,2017,1135
KHM,2018,1145
KHM,2019,1167
KHM,2020,1169
KHM,2021,1156
KHM,2022,1162
KHM,2023,1177
KIR,2000,447
KIR,2001,410
KIR,2002,491
KIR,2003,459
KIR,2004,550
KIR,2005,670
KIR,2006,628
KIR,2007,631
KIR,2008,616
KIR,2009,590
KIR,2010,612
KIR,2011,628
KIR,2012,668
KIR,2013,675
KIR,2014,710
KIR,2015,698
KIR,2016,702
KIR,2017,715
KIR,2018,678
KIR,2019,542
KIR,2020,665
KIR,2021,728
KIR,2022,569
KIR,2023,577
KNA,2000,856
KNA,2001,856
KNA,2002,848
KNA,2003,857
KNA,2004,848
KNA,2005,857
KNA,2006,873
KNA,2007,879
KNA,2008,908
KNA,2009,893
KNA,2010,891
KNA,2011,899
KNA,2012,872
KNA,2013,887
KNA,2014,900
KNA,2015,923
KNA,2016,925
KNA,2017,913
KNA,2018,777
KNA,2019,754
KNA,2020,709
KNA,2021,703
KNA,2022,746
KNA,2023,742
KOR,2000,1238
KOR,2001,1239
KOR,2002,1241
KOR,2003,1241
KOR,2004,1241
KOR,2005,1242
KOR,2006,1242
KOR,2007,1242
KOR,2008,1242
KOR,2009,1242
KOR,2010,1241
KOR,2011,1240
KOR,2012,1241
KOR,2013,1241
KOR,2014,1239
KOR,2015,1238
KOR,2016,1239
KOR,2017,1242
KOR,2018,1239
KOR,2019,1237
KOR,2020,1239
KOR,2021,1239
KOR,2022,1239
KOR,2023,1240
KWT,2000,1155
KWT,2001,1161
KWT,2002,1159
KWT,2003,1164
KWT,2004,1172
KWT,2005,1157
KWT,2006,1220
KWT,2007,1223
KWT,2008,1205
KWT,2009,1171
KWT,2010,1198
KWT,2011,1206
KWT,2012,1162
KWT,2013,1214
KWT,2014,1206
KWT,2015,1214
KWT,2016,1203
KWT,2017,1208
KWT,2018,1209
KWT,2019,1203
KWT,2020,1196
KWT,2021,1200
KWT,2022,1187
KWT,2023,1194
LAO,2000,825
LAO,2001,862
LAO,2002,842
LAO,2003,867
LAO,2004,902
LAO,2005,894
LAO,2006,908
LAO,2007,967
LAO,2008,972
LAO,2009,997
LAO,2010,1083
LAO,2011,1088
LAO,2012,1088
LAO,2013,1115
LAO,2014,1120
LAO,2015,1130
LAO,2016,1110
LAO,2017,1139
LAO,2018,1150
LAO,2019,1128
LAO,2020,1124
LAO,2021,1137
LAO,2022,1134
LAO,2023,1141
LBN,2000,1188
LBN,2001,1181
LBN,2002,1184
LBN,2003,1185
LBN,2004,1189
LBN,2005,1191
LBN,2006,1198
LBN,2007,1200
LBN,2008,1206
LBN,2009,1188
LBN,2010,1199
LBN,2011,1197
LBN,2012,1199
LBN,2013,1203
LBN,2014,1192
LBN,2015,1188
LBN,2016,1191
LBN,2017,1192
LBN,2018,1187
LBN,2019,1180
LBN,2020,1161
LBN,2021,1160
LBN,2022,1173
LBN,2023,1161
LBR,2000,747
LBR,2001,730
LBR,2002,721
LBR,2003,729
LBR,2004,773
LBR,2005,815
LBR,2006,808
LBR,2007,800
LBR,2008,835
LBR,2009,811
LBR,2010,844
LBR,2011,865
LBR,2012,880
LBR,2013,889
LBR,2014,890
LBR,2015,886
LBR,2016,892
LBR,2017,942
LBR,2018,949
LBR,2019,950
LBR,2020,942
LBR,2021,979
LBR,2022,966
LBR,2023,993
LBY,2000,983
LBY,2001,994
LBY,2002,1009
LBY,2003,1154
LBY,2004,1147
LBY,2005,1043
LBY,2006,1054
LBY,2007,1135
LBY,2008,1140
LBY,2009,1146
LBY,2010,1131
LBY,2011,997
LBY,2012,1100
LBY,2013,1105
LBY,2014,1085
LBY,2015,1032
LBY,2016,1022
LBY,2017,1001
LBY,2018,1049
LBY,2019,1068
LBY,2020,1045
LBY,2021,1051
LBY,2022,1066
LBY,2023,1077
LCA,2000,901
LCA,2001,877
LCA,2002,894
LCA,2003,897
LCA,2004,930
LCA,2005,919
LCA,2006,934
LCA,2007,935
LCA,2008,965
LCA,2009,941
LCA,2010,957
LCA,2011,959
LCA,2012,929
LCA,2013,960
LCA,2014,920
LCA,2015,941
LCA,2016,946
LCA,2017,955
LCA,2018,941
LCA,2019,928
LCA,2020,908
LCA,2021,789
LCA,2022,814
LCA,2023,835
LKA,2000,1193
LKA,2001,1192
LKA,2002,1192
LKA,2003,1200
LKA,2004,1196
LKA,2005,1204
LKA,2006,1201
LKA,2007,1205
LKA,2008,1201
LKA,2009,1196
LKA,2010,1191
LKA,2011,1198
LKA,2012,1212
LKA,2013,1202
LKA,2014,1207
LKA,2015,1204
LKA,2016,1198
LKA,2017,1200
LKA,2018,1179
LKA,2019,1194
LKA,2020,1191
LKA,2021,1189
LKA,2022,1188
LKA,2023,1185
LSO,2000,930
LSO,2001,991
LSO,2002,933
LSO,2003,976
LSO,2004,1057
LSO,2005,1042
LSO,2006,1025
LSO,2007,1048
LSO,2008,1010
LSO,2009,1042
LSO,2010,1089
LSO,2011,1078
LSO,2012,1081
LSO,2013,1059
LSO,2014,1051
LSO,2015,1039
LSO,2016,1024
LSO,2017,1034
LSO,2018,1010
LSO,2019,1020
LSO,2020,978
LSO,2021,974
LSO,2022,994
LSO,2023,993
LTU,2000,1190
LTU,2001,1183
LTU,2002,1197
LTU,2003,1194
LTU,2004,1203
LTU,2005,1206
LTU,2006,1207
LTU,2007,1220
LTU,2008,1221
LTU,2009,1213
LTU,2010,1218
LTU,2011,1221
LTU,2012,1224
LTU,2013,1222
LTU,2014,1224
LTU,2015,1225
LTU,2016,1226
LTU,2017,1220
LTU,2018,1226
LTU,2019,1228
LTU,2020,1225
LTU,2021,1226
LTU,2022,1235
LTU,2023,1225
LUX,2000,1196
LUX,2001,1204
LUX,2002,1207
LUX,2003,1204
LUX,2004,1215
LUX,2005,1209
LUX,2006,1205
LUX,2007,1215
LUX,2008,1208
LUX,2009,1209
LUX,2010,1209
LUX,2011,1213
LUX,2012,1210
LUX,2013,1213
LUX,2014,1214
LUX,2015,1222
LUX,2016,1218
LUX,2017,1210
LUX,2018,1213
LUX,2019,1215
LUX,2020,1216
LUX,2021,1224
LUX,2022,1223
LUX,2023,1217
LVA,2000,1169
LVA,2001,1176
LVA,2002,1185
LVA,2003,1188
LVA,2004,1190
LVA,2005,1193
LVA,2006,1198
LVA,2007,1205
LVA,2008,1203
LVA,2009,1196
LVA,2010,1208
LVA,2011,1210
LVA,2012,1212
LVA,2013,1209
LVA,2014,1217
LVA,2015,1220
LVA,2016,1212
LVA,2017,1213
LVA,2018,1212
LVA,2019,1214
LVA,2020,1209
LVA,2021,1220
LVA,2022,1219
LVA,2023,1222
MAC,2000,1020
MAC,2001,1016
MAC,2002,1008
MAC,2003,1019
MAC,2004,1033
MAC,2005,1035
MAC,2006,1052
MAC,2007,1055
MAC,2008,1065
MAC,2009,1047
MAC,2010,1045
MAC,2011,1044
MAC,2012,1027
MAC,2013,1039
MAC,2014,1051
MAC,2015,1028
MAC,2016,1022
MAC,2017,1027
MAC,2018,1032
MAC,2019,1015
MAC,2020,992
MAC,2021,1034
MAC,2022,1026
MAC,2023,1032
MAR,2000,1206
MAR,2001,1204
MAR,2002,1202
MAR,2003,1206
MAR,2004,1219
MAR,2005,1222
MAR,2006,1221
MAR,2007,1225
MAR,2008,1226
MAR,2009,1220
MAR,2010,1221
MAR,2011,1228
MAR,2012,1216
MAR,2013,1218
MAR,2014,1216
MAR,2015,1215
MAR,2016,1212
MAR,2017,1217
MAR,2018,1221
MAR,2019,1212
MAR,2020,1215
MAR,2021,1211
MAR,2022,1210
MAR,2023,1214
MDA,2000,1043
MDA,2001,1074
MDA,2002,1065
MDA,2003,1075
MDA,2004,1099
MDA,2005,1089
MDA,2006,1102
MDA,2007,1110
MDA,2008,1118
MDA,2009,1095
MDA,2010,1107
MDA,2011,1115
MDA,2012,1125
MDA,2013,1132
MDA,2014,1118
MDA,2015,1121
MDA,2016,1104
MDA,2017,1118
MDA,2018,1126
MDA,2019,1132
MDA,2020,1123
MDA,2021,1130
MDA,2022,1133
MDA,2023,1126
MDG,2000,1057
MDG,2001,1075
MDG,2002,1027
MDG,2003,1072
MDG,2004,1073
MDG,2005,1083
MDG,2006,1082
MDG,2007,1106
MDG,2008,1107
MDG,2009,1101
MDG,2010,1109
MDG,2011,1110
MDG,2012,1102
MDG,2013,1113
MDG,2014,1119
MDG,2015,1116
MDG,2016,1114
MDG,2017,1114
MDG,2018,1125
MDG,2019,1120
MDG,2020,1111
MDG,2021,1112
MDG,2022,1098
MDG,2023,1115
MDV,2000,920
MDV,2001,921
MDV,2002,927
MDV,2003,942
MDV,2004,948
MDV,2005,959
MDV,2006,959
MDV,2007,977
MDV,2008,995
MDV,2009,965
MDV,2010,961
MDV,2011,988
MDV,2012,995
MDV,2013,988
MDV,2014,996
MDV,2015,997
MDV,2016,1009
MDV,2017,1023
MDV,2018,1008
MDV,2019,1008
MDV,2020,984
MDV,2021,1008
MDV,2022,1025
MDV,2023,1034
MEX,2000,1240
MEX,2001,1241
MEX,2002,1242
MEX,2003,1240
MEX,2004,1241
MEX,2005,1240
MEX,2006,1240
MEX,2007,1243
MEX,2008,1242
MEX,2009,1242
MEX,2010,1241
MEX,2011,1238
MEX,2012,1241
MEX,2013,1241
MEX,2014,1237
MEX,2015,1239
MEX,2016,1240
MEX,2017,1236
MEX,2018,1238
MEX,2019,1237
MEX,2020,1233
MEX,2021,1235
MEX,2022,1237
MEX,2023,1238
MHL,2000,449
MHL,2001,475
MHL,2002,476
MHL,2003,467
MHL,2004,509
MHL,2005,518
MHL,2006,510
MHL,2007,536
MHL,2008,519
MHL,2009,527
MHL,2010,519
MHL,2011,526
MHL,2012,549
MHL,2013,549
MHL,2014,589
MHL,2015,609
MHL,2016,603
MHL,2017,628
MHL,2018,648
MHL,2019,721
MHL,2020,721
MHL,2021,723
MHL,2022,742
MHL,2023,740
MKD,2000,1127
MKD,2001,1099
MKD,2002,1119
MKD,2003,1112
MKD,2004,1131
MKD,2005,1139
MKD,2006,1149
MKD,2007,1156
MKD,2008,1156
MKD,2009,1164
MKD,2010,1149
MKD,2011,1144
MKD,2012,1154
MKD,2013,1161
MKD,2014,1145
MKD,2015,1154
MKD,2016,1157
MKD,2017,1159
MKD,2018,1156
MKD,2019,1161
MKD,2020,1143
MKD,2021,1149
MKD,2022,1154
MKD,2023,1156
MLI,2000,982
MLI,2001,992
MLI,2002,985
MLI,2003,998
MLI,2004,1002
MLI,2005,1008
MLI,2006,1006
MLI,2007,1018
MLI,2008,1034
MLI,2009,912
MLI,2010,1045
MLI,2011,1028
MLI,2012,1022
MLI,2013,961
MLI,2014,971
MLI,2015,961
MLI,2016,1060
MLI,2017,1068
MLI,2018,1075
MLI,2019,1076
MLI,2020,1068
MLI,2021,1067
MLI,2022,1054
MLI,2023,1062
MLT,2000,1155
MLT,2001,1152
MLT,2002,1159
MLT,2003,1171
MLT,2004,1153
MLT,2005,1148
MLT,2006,1143
MLT,2007,1146
MLT,2008,1154
MLT,2009,1142
MLT,2010,1161
MLT,2011,1141
MLT,2012,1143
MLT,2013,1144
MLT,2014,1147
MLT,2015,1165
MLT,2016,1152
MLT,2017,1151
MLT,2018,1158
MLT,2019,1174
MLT,2020,1138
MLT,2021,1171
MLT,2022,1175
MLT,2023,1172
MMR,2000,1071
MMR,2001,1151
MMR,2002,1088
MMR,2003,1079
MMR,2004,1079
MMR,2005,1072
MMR,2006,1086
MMR,2007,1091
MMR,2008,1092
MMR,2009,1097
MMR,2010,1139
MMR,2011,1158
MMR,2012,1182
MMR,2013,1189
MMR,2014,1199
MMR,2015,1197
MMR,2016,1191
MMR,2017,1202
MMR,2018,1204
MMR,2019,1186
MMR,2020,1188
MMR,2021,1184
MMR,2022,1179
MMR,2023,1172
MNE,2006,1094
MNE,2007,1091
MNE,2008,1099
MNE,2009,1080
MNE,2010,1060
MNE,2011,1075
MNE,2012,1071
MNE,2013,1062
MNE,2014,1073
MNE,2015,1073
MNE,2016,1056
MNE,2017,1075
MNE,2018,1077
MNE,2019,1069
MNE,2020,1063
MNE,2021,1079
MNE,2022,1077
MNE,2023,1091
MNG,2000,978
MNG,2001,987
MNG,2002,887
MNG,2003,1018
MNG,2004,1022
MNG,2005,1034
MNG,2006,1032
MNG,2007,1055
MNG,2008,976
MNG,2009,966
MNG,2010,980
MNG,2011,1027
MNG,2012,1025
MNG,2013,1084
MNG,2014,1080
MNG,2015,1065
MNG,2016,1063
MNG,2017,1073
MNG,2018,1073
MNG,2019,1088
MNG,2020,1059
MNG,2021,1069
MNG,2022,1096
MNG,2023,1101
MNP,2000,419
MNP,2001,421
MNP,2002,464
MNP,2003,461
MNP,2004,513
MNP,2005,506
MNP,2006,497
MNP,2007,452
MNP,2008,447
MNP,2009,426
MNP,2010,369
MNP,2011,374
MNP,2012,367
MNP,2013,391
MNP,2014,386
MNP,2015,404
MNP,2016,442
MNP,2017,459
MNP,2018,442
MNP,2019,428
MNP,2020,391
MNP,2021,386
MNP,2022,385
MNP,2023,382
MOZ,2000,1093
MOZ,2001,1073
MOZ,2002,1081
MOZ,2003,1097
MOZ,2004,1124
MOZ,2005,1111
MOZ,2006,1123
MOZ,2007,1138
MOZ,2008,1141
MOZ,2009,1143
MOZ,2010,1136
MOZ,2011,1147
MOZ,2012,1168
MOZ,2013,1184
MOZ,2014,1180
MOZ,2015,1161
MOZ,2016,1157
MOZ,2017,1158
MOZ,2018,1163
MOZ,2019,1163
MOZ,2020,1163
MOZ,2021,1158
MOZ,2022,1154
MOZ,2023,1167
MRT,2000,896
MRT,2001,886
MRT,2002,911
MRT,2003,920
MRT,2004,910
MRT,2005,930
MRT,2006,908
MRT,2007,950
MRT,2008,960
MRT,2009,953
MRT,2010,989
MRT,2011,997
MRT,2012,1026
MRT,2013,1007
MRT,2014,1001
MRT,2015,998
MRT,2016,985
MRT,2017,1004
MRT,2018,1000
MRT,2019,1013
MRT,2020,1010
MRT,2021,1012
MRT,2022,1031
MRT,2023,1040
MSR,2000,481
MSR,2001,465
MSR,2002,475
MSR,2003,471
MSR,2004,533
MSR,2005,533
MSR,2006,539
MSR,2007,524
MSR,2008,527
MSR,2009,529
MSR,2010,303
MSR,2011,497
MSR,2012,540
MSR,2013,557
MSR,2014,544
MSR,2015,539
MSR,2016,564
MSR,2017,546
MSR,2018,574
MSR,2019,563
MSR,2020,522
MSR,2021,563
MSR,2022,565
MSR,2023,572
MUS,2000,1139
MUS,2001,1140
MUS,2002,1153
MUS,2003,1156
MUS,2004,1150
MUS,2005,1145
MUS,2006,1147
MUS,2007,1162
MUS,2008,1163
MUS,2009,1155
MUS,2010,1162
MUS,2011,1154
MUS,2012,1159
MUS,2013,1163
MUS,2014,1156
MUS,2015,1138
MUS,2016,1140
MUS,2017,1144
MUS,2018,1151
MUS,2019,1150
MUS,2020,1136
MUS,2021,1138
MUS,2022,1145
MUS,2023,1147
MWI,2000,1026
MWI,2001,1041
MWI,2002,1033
MWI,2003,1028
MWI,2004,1019
MWI,2005,1028
MWI,2006,1020
MWI,2007,1030
MWI,2008,1026
MWI,2009,1047
MWI,2010,1052
MWI,2011,1066
MWI,2012,1070
MWI,2013,1071
MWI,2014,1077
MWI,2015,1068
MWI,2016,1049
MWI,2017,1050
MWI,2018,1056
MWI,2019,1037
MWI,2020,1018
MWI,2021,1038
MWI,2022,1026
MWI,2023,1039
MYS,2000,1239
MYS,2001,1242
MYS,2002,1243
MYS,2003,1241
MYS,2004,1242
MYS,2005,1239
MYS,2006,1237
MYS,2007,1239
MYS,2008,1241
MYS,2009,1241
MYS,2010,1240
MYS,2011,1241
MYS,2012,1240
MYS,2013,1241
MYS,2014,1241
MYS,2015,1242
MYS,2016,1240
MYS,2017,1241
MYS,2018,1241
MYS,2019,1238
MYS,2020,1235
MYS,2021,1236
MYS,2022,1235
MYS,2023,1239
NAM,2000,1150
NAM,2001,1161
NAM,2002,1156
NAM,2003,1159
NAM,2004,1194
NAM,2005,1180
NAM,2006,1169
NAM,2007,1172
NAM,2008,1177
NAM,2009,1179
NAM,2010,1182
NAM,2011,1177
NAM,2012,1183
NAM,2013,1177
NAM,2014,1169
NAM,2015,1168
NAM,2016,1174
NAM,2017,1169
NAM,2018,1162
NAM,2019,1164
NAM,2020,1144
NAM,2021,1151
NAM,2022,1154
NAM,2023,1151
NCL,2000,1049
NCL,2001,1040
NCL,2002,1034
NCL,2003,1051
NCL,2004,1051
NCL,2005,1059
NCL,2006,1058
NCL,2007,1074
NCL,2008,1087
NCL,2009,1089
NCL,2010,1089
NCL,2011,1091
NCL,2012,1099
NCL,2013,1090
NCL,2014,1086
NCL,2015,1063
NCL,2016,1025
NCL,2017,1020
NCL,2018,1018
NCL,2019,1021
NCL,2020,1015
NCL,2021,1009
NCL,2022,1013
NCL,2023,1017
NER,2000,854
NER,2001,889
NER,2002,877
NER,2003,877
NER,2004,886
NER,2005,920
NER,2006,931
NER,2007,941
NER,2008,948
NER,2009,940
NER,2010,946
NER,2011,900
NER,2012,937
NER,2013,963
NER,2014,961
NER,2015,964
NER,2016,944
NER,2017,965
NER,2018,982
NER,2019,994
NER,2020,976
NER,2021,994
NER,2022,1007
NER,2023,962
NFK,2000,437
NFK,2001,433
NFK,2002,449
NFK,2003,455
NFK,2004,437
NFK,2005,443
NFK,2006,408
NFK,2007,430
NFK,2008,445
NFK,2009,405
NFK,2010,408
NFK,2011,429
NFK,2012,374
NFK,2013,379
NFK,2014,372
NFK,2015,347
NFK,2016,386
NFK,2017,386
NFK,2018,370
NFK,2019,382
NFK,2020,331
NFK,2021,351
NFK,2022,415
NFK,2023,400
NGA,2000,1189
NGA,2001,1179
NGA,2002,1187
NGA,2003,1197
NGA,2004,1146
NGA,2005,1158
NGA,2006,1194
NGA,2007,1205
NGA,2008,1202
NGA,2009,1212
NGA,2010,1210
NGA,2011,1208
NGA,2012,1218
NGA,2013,1222
NGA,2014,1228
NGA,2015,1227
NGA,2016,1216
NGA,2017,1220
NGA,2018,1220
NGA,2019,1217
NGA,2020,1212
NGA,2021,1216
NGA,2022,1209
NGA,2023,1214
NIC,2000,1095
NIC,2001,1093
NIC,2002,1091
NIC,2003,1093
NIC,2004,1092
NIC,2005,1087
NIC,2006,1089
NIC,2007,1101
NIC,2008,1087
NIC,2009,1096
NIC,2010,1119
NIC,2011,1119
NIC,2012,1114
NIC,2013,1119
NIC,2014,1113
NIC,2015,1101
NIC,2016,1127
NIC,2017,1130
NIC,2018,1112
NIC,2019,1093
NIC,2020,1081
NIC,2021,1103
NIC,2022,1102
NIC,2023,1101
NIU,2000,268
NIU,2001,270
NIU,2002,263
NIU,2003,278
NIU,2004,359
NIU,2005,353
NIU,2006,349
NIU,2007,337
NIU,2008,399
NIU,2009,461
NIU,2010,344
NIU,2011,381
NIU,2012,382
NIU,2013,367
NIU,2014,375
NIU,2015,355
NIU,2016,352
NIU,2017,377
NIU,2018,408
NIU,2019,363
NIU,2020,347
NIU,2021,346
NIU,2022,358
NIU,2023,374
NLD,2000,1242
NLD,2001,1241
NLD,2002,1242
NLD,2003,1242
NLD,2004,1241
NLD,2005,1242
NLD,2006,1243
NLD,2007,1242
NLD,2008,1242
NLD,2009,1243
NLD,2010,1242
NLD,2011,1243
NLD,2012,1243
NLD,2013,1242
NLD,2014,1243
NLD,2015,1242
NLD,2016,1242
NLD,2017,1241
NLD,2018,1243
NLD,2019,1242
NLD,2020,1241
NLD,2021,1242
NLD,2022,1242
NLD,2023,1242
NOR,2000,1232
NOR,2001,1237
NOR,2002,1235
NOR,2003,1238
NOR,2004,1234
NOR,2005,1230
NOR,2006,1234
NOR,2007,1237
NOR,2008,1237
NOR,2009,1235
NOR,2010,1241
NOR,2011,1236
NOR,2012,1234
NOR,2013,1236
NOR,2014,1235
NOR,2015,1230
NOR,2016,1232
NOR,2017,1234
NOR,2018,1237
NOR,2019,1236
NOR,2020,1233
NOR,2021,1238
NOR,2022,1237
NOR,2023,1234
NPL,2000,1056
NPL,2001,999
NPL,2002,1021
NPL,2003,1168
NPL,2004,1099
NPL,2005,1102
NPL,2006,1087
NPL,2007,1122
NPL,2008,1140
NPL,2009,1180
NPL,2010,1166
NPL,2011,1171
NPL,2012,1160
NPL,2013,1164
NPL,2014,1162
NPL,2015,1163
NPL,2016,1178
NPL,2017,1175
NPL,2018,1180
NPL,2019,1171
NPL,2020,1155
NPL,2021,1167
NPL,2022,1163
NPL,2023,1148
NRU,2000,393
NRU,2001,411
NRU,2002,389
NRU,2003,353
NRU,2004,321
NRU,2005,274
NRU,2006,341
NRU,2007,372
NRU,2008,322
NRU,2009,335
NRU,2010,337
NRU,2011,386
NRU,2012,429
NRU,2013,461
NRU,2014,503
NRU,2015,446
NRU,2016,466
NRU,2017,491
NRU,2018,513
NRU,2019,463
NRU,2020,457
NRU,2021,530
NRU,2022,554
NRU,2023,528
NZL,2000,1227
NZL,2001,1228
NZL,2002,1228
NZL,2003,1227
NZL,2004,1229
NZL,2005,1233
NZL,2006,1232
NZL,2007,1229
NZL,2008,1232
NZL,2009,1225
NZL,2010,1230
NZL,2011,1231
NZL,2012,1226
NZL,2013,1231
NZL,2014,1232
NZL,2015,1233
NZL,2016,1227
NZL,2017,1230
NZL,2018,1229
NZL,2019,1228
NZL,2020,1226
NZL,2021,1227
NZL,2022,1227
NZL,2023,1225
OMN,2000,1191
OMN,2001,1170
OMN,2002,1180
OMN,2003,1111
OMN,2004,1175
OMN,2005,1182
OMN,2006,1182
OMN,2007,1190
OMN,2008,1190
OMN,2009,1182
OMN,2010,1192
OMN,2011,1186
OMN,2012,1199
OMN,2013,1197
OMN,2014,1206
OMN,2015,1191
OMN,2016,1188
OMN,2017,1197
OMN,2018,1194
OMN,2019,1189
OMN,2020,1187
OMN,2021,1193
OMN,2022,1192
OMN,2023,1189
PAK,2000,1226
PAK,2001,1218
PAK,2002,1221
PAK,2003,1213
PAK,2004,1214
PAK,2005,1215
PAK,2006,1219
PAK,2007,1227
PAK,2008,1226
PAK,2009,1217
PAK,2010,1221
PAK,2011,1221
PAK,2012,1224
PAK,2013,1216
PAK,2014,1216
PAK,2015,1222
PAK,2016,1227
PAK,2017,1223
PAK,2018,1225
PAK,2019,1220
PAK,2020,1215
PAK,2021,1216
PAK,2022,1213
PAK,2023,1212
PAN,2000,1174
PAN,2001,1161
PAN,2002,1165
PAN,2003,1159
PAN,2004,1164
PAN,2005,1171
PAN,2006,1186
PAN,2007,1183
PAN,2008,1199
PAN,2009,1184
PAN,2010,1193
PAN,2011,1195
PAN,2012,1206
PAN,2013,1196
PAN,2014,1196
PAN,2015,1191
PAN,2016,1185
PAN,2017,1179
PAN,2018,1174
PAN,2019,1169
PAN,2020,1159
PAN,2021,1176
PAN,2022,1167
PAN,2023,1171
PCN,2000,204
PCN,2001,147
PCN,2002,157
PCN,2003,158
PCN,2004,257
PCN,2005,170
PCN,2006,180
PCN,2007,167
PCN,2008,218
PCN,2009,148
PCN,2010,108
PCN,2011,150
PCN,2012,171
PCN,2013,109
PCN,2014,100
PCN,2015,86
PCN,2016,97
PCN,2017,100
PCN,2018,108
PCN,2019,122
PCN,2020,120
PCN,2021,145
PCN,2022,137
PCN,2023,88
PER,2000,1211
PER,2001,1203
PER,2002,1204
PER,2003,1209
PER,2004,1216
PER,2005,1212
PER,2006,1216
PER,2007,1222
PER,2008,1224
PER,2009,1211
PER,2010,1221
PER,2011,1225
PER,2012,1218
PER,2013,1223
PER,2014,1223
PER,2015,1224
PER,2016,1225
PER,2017,1223
PER,2018,1224
PER,2019,1221
PER,2020,1221
PER,2021,1215
PER,2022,1222
PER,2023,1216
PHL,2000,1226
PHL,2001,1231
PHL,2002,1231
PHL,2003,1224
PHL,2004,1232
PHL,2005,1226
PHL,2006,1232
PHL,2007,1225
PHL,2008,1231
PHL,2009,1226
PHL,2010,1234
PHL,2011,1232
PHL,2012,1235
PHL,2013,1227
PHL,2014,1228
PHL,2015,1228
PHL,2016,1227
PHL,2017,1230
PHL,2018,1231
PHL,2019,1232
PHL,2020,1228
PHL,2021,1227
PHL,2022,1230
PHL,2023,1226
PLW,2000,423
PLW,2001,414
PLW,2002,434
PLW,2003,356
PLW,2004,448
PLW,2005,440
PLW,2006,459
PLW,2007,801
PLW,2008,795
PLW,2009,748
PLW,2010,760
PLW,2011,784
PLW,2012,772
PLW,2013,783
PLW,2014,801
PLW,2015,786
PLW,2016,809
PLW,2017,808
PLW,2018,806
PLW,2019,535
PLW,2020,533
PLW,2021,513
PLW,2022,494
PLW,2023,532
PNG,2000,1080
PNG,2001,1100
PNG,2002,1100
PNG,2003,1077
PNG,2004,1088
PNG,2005,997
PNG,2006,1002
PNG,2007,1016
PNG,2008,1020
PNG,2009,1038
PNG,2010,1039
PNG,2011,1139
PNG,2012,1165
PNG,2013,1054
PNG,2014,1045
PNG,2015,1041
PNG,2016,1039
PNG,2017,1045
PNG,2018,1032
PNG,2019,1129
PNG,2020,1092
PNG,2021,1113
PNG,2022,1113
PNG,2023,1115
POL,2000,1235
POL,2001,1236
POL,2002,1236
POL,2003,1235
POL,2004,1239
POL,2005,1238
POL,2006,1239
POL,2007,1239
POL,2008,1241
POL,2009,1240
POL,2010,1241
POL,2011,1241
POL,2012,1240
POL,2013,1241
POL,2014,1240
POL,2015,1240
POL,2016,1240
POL,2017,1240
POL,2018,1241
POL,2019,1241
POL,2020,1241
POL,2021,1240
POL,2022,1242
POL,2023,1242
PRK,2000,1089
PRK,2001,1097
PRK,2002,1090
PRK,2003,1089
PRK,2004,1075
PRK,2005,1107
PRK,2006,1091
PRK,2007,1081
PRK,2008,1064
PRK,2009,1056
PRK,2010,1065
PRK,2011,1055
PRK,2012,1056
PRK,2013,1052
PRK,2014,1056
PRK,2015,1039
PRK,2016,1038
PRK,2017,1010
PRK,2018,937
PRK,2019,916
PRK,2020,777
PRK,2021,574
PRK,2022,756
PRK,2023,798
PRT,2000,1236
PRT,2001,1237
PRT,2002,1237
PRT,2003,1237
PRT,2004,1235
PRT,2005,1242
PRT,2006,1239
PRT,2007,1237
PRT,2008,1241
PRT,2009,1241
PRT,2010,1240
PRT,2011,1240
PRT,2012,1237
PRT,2013,1237
PRT,2014,1234
PRT,2015,1238
PRT,2016,1237
PRT,2017,1240
PRT,2018,1237
PRT,2019,1236
PRT,2020,1237
PRT,2021,1237
PRT,2022,1236
PRT,2023,1237
PRY,2000,1101
PRY,2001,1097
PRY,2002,1052
PRY,2003,1025
PRY,2004,1064
PRY,2005,1066
PRY,2006,1078
PRY,2007,1099
PRY,2008,1108
PRY,2009,1108
PRY,2010,1120
PRY,2011,1128
PRY,2012,1141
PRY,2013,1123
PRY,2014,1134
PRY,2015,1129
PRY,2016,1134
PRY,2017,1126
PRY,2018,1140
PRY,2019,1128
PRY,2020,1115
PRY,2021,1126
PRY,2022,1145
PRY,2023,1123
PSE,2000,1082
PSE,2001,1013
PSE,2002,1017
PSE,2003,1043
PSE,2004,1030
PSE,2005,1043
PSE,2006,1042
PSE,2007,957
PSE,2008,957
PSE,2009,953
PSE,2010,961
PSE,2011,968
PSE,2012,963
PSE,2013,971
PSE,2014,984
PSE,2015,1009
PSE,2016,991
PSE,2017,1011
PSE,2018,1011
PSE,2019,1003
PSE,2020,1005
PSE,2021,1022
PSE,2022,1023
PSE,2023,1019
PYF,2000,1014
PYF,2001,1012
PYF,2002,1005
PYF,2003,1027
PYF,2004,1026
PYF,2005,1023
PYF,2006,1036
PYF,2007,1028
PYF,2008,1042
PYF,2009,1039
PYF,2010,1042
PYF,2011,1021
PYF,2012,1012
PYF,2013,1010
PYF,2014,1015
PYF,2015,1019
PYF,2016,1030
PYF,2017,1017
PYF,2018,1000
PYF,2019,1014
PYF,2020,1001
PYF,2021,1020
PYF,2022,1023
PYF,2023,980
QAT,2000,1150
QAT,2001,1144
QAT,2002,1159
QAT,2003,1106
QAT,2004,1129
QAT,2005,1204
QAT,2006,1201
QAT,2007,1217
QAT,2008,1213
QAT,2009,1153
QAT,2010,1214
QAT,2011,1143
QAT,2012,1183
QAT,2013,1183
QAT,2014,1205
QAT,2015,1183
QAT,2016,1186
QAT,2017,1203
QAT,2018,1183
QAT,2019,1187
QAT,2020,1172
QAT,2021,1187
QAT,2022,1186
QAT,2023,1196
ROU,2000,1218
ROU,2001,1228
ROU,2002,1224
ROU,2003,1226
ROU,2004,1231
ROU,2005,1231
ROU,2006,1227
ROU,2007,1236
ROU,2008,1235
ROU,2009,1238
ROU,2010,1237
ROU,2011,1233
ROU,2012,1234
ROU,2013,1236
ROU,2014,1233
ROU,2015,1237
ROU,2016,1237
ROU,2017,1234
ROU,2018,1237
ROU,2019,1235
ROU,2020,1235
ROU,2021,1238
ROU,2022,1239
ROU,2023,1239
RUS,2000,1239
RUS,2001,1240
RUS,2002,1237
RUS,2003,1238
RUS,2004,1239
RUS,2005,1238
RUS,2006,1237
RUS,2007,1240
RUS,2008,1237
RUS,2009,1236
RUS,2010,1239
RUS,2011,1241
RUS,2012,1242
RUS,2013,1241
RUS,2014,1239
RUS,2015,1239
RUS,2016,1240
RUS,2017,1237
RUS,2018,1236
RUS,2019,1237
RUS,2020,1237
RUS,2021,1239
RUS,2022,1236
RUS,2023,1233
RWA,2000,663
RWA,2001,853
RWA,2002,861
RWA,2003,892
RWA,2004,911
RWA,2005,960
RWA,2006,953
RWA,2007,993
RWA,2008,1047
RWA,2009,1015
RWA,2010,1008
RWA,2011,1011
RWA,2012,986
RWA,2013,1017
RWA,2014,1040
RWA,2015,1027
RWA,2016,1029
RWA,2017,1021
RWA,2018,1034
RWA,2019,1048
RWA,2020,1022
RWA,2021,1055
RWA,2022,1068
RWA,2023,993
SAU,2000,1227
SAU,2001,1228
SAU,2002,1232
SAU,2003,1233
SAU,2004,1225
SAU,2005,1228
SAU,2006,1229
SAU,2007,1232
SAU,2008,1233
SAU,2009,1228
SAU,2010,1231
SAU,2011,1232
SAU,2012,1231
SAU,2013,1228
SAU,2014,1233
SAU,2015,1232
SAU,2016,1220
SAU,2017,1229
SAU,2018,1230
SAU,2019,1228
SAU,2020,1230
SAU,2021,1229
SAU,2022,1231
SAU,2023,1227
SDN,2000,1038
SDN,2001,1062
SDN,2002,1072
SDN,2003,1083
SDN,2004,1111
SDN,2005,1116
SDN,2006,1149
SDN,2007,1173
SDN,2008,1176
SDN,2009,1155
SDN,2010,1154
SDN,2011,1155
SDN,2012,1133
SDN,2013,1130
SDN,2014,1133
SDN,2015,1127
SDN,2016,1123
SDN,2017,1132
SDN,2018,1128
SDN,2019,1048
SDN,2020,1046
SDN,2021,1051
SDN,2022,1049
SDN,2023,1029
SEN,2000,1086
SEN,2001,1089
SEN,2002,1099
SEN,2003,1111
SEN,2004,1125
SEN,2005,1113
SEN,2006,1119
SEN,2007,1138
SEN,2008,1136
SEN,2009,1131
SEN,2010,1140
SEN,2011,1148
SEN,2012,1144
SEN,2013,1144
SEN,2014,1150
SEN,2015,1139
SEN,2016,1153
SEN,2017,1152
SEN,2018,1171
SEN,2019,1164
SEN,2020,1148
SEN,2021,1156
SEN,2022,1157
SEN,2023,1155
SGP,2000,1240
SGP,2001,1239
SGP,2002,1242
SGP,2003,1239
SGP,2004,1240
SGP,2005,1238
SGP,2006,1239
SGP,2007,1242
SGP,2008,1243
SGP,2009,1239
SGP,2010,1236
SGP,2011,1239
SGP,2012,1237
SGP,2013,1241
SGP,2014,1242
SGP,2015,1240
SGP,2016,1237
SGP,2017,1235
SGP,2018,1236
SGP,2019,1235
SGP,2020,1233
SGP,2021,1238
SGP,2022,1233
SGP,2023,1231
SGS,2000,9
SGS,2001,36
SGS,2002,172
SGS,2003,123
SGS,2004,117
SGS,2005,96
SGS,2006,108
SGS,2007,99
SGS,2008,57
SGS,2009,178
SGS,2010,138
SGS,2011,138
SGS,2012,56
SGS,2013,40
SGS,2014,32
SGS,2015,33
SGS,2016,30
SGS,2017,22
SGS,2018,39
SGS,2019,30
SGS,2020,25
SGS,2021,22
SGS,2022,25
SGS,2023,50
SHN,2000,519
SHN,2001,461
SHN,2002,507
SHN,2003,506
SHN,2004,513
SHN,2005,497
SHN,2006,491
SHN,2007,508
SHN,2008,487
SHN,2009,493
SHN,2010,466
SHN,2011,466
SHN,2012,519
SHN,2013,474
SHN,2014,533
SHN,2015,523
SHN,2016,530
SHN,2017,501
SHN,2018,455
SHN,2019,444
SHN,2020,454
SHN,2021,443
SHN,2022,479
SHN,2023,453
SLB,2000,631
SLB,2001,639
SLB,2002,584
SLB,2003,635
SLB,2004,670
SLB,2005,671
SLB,2006,676
SLB,2007,699
SLB,2008,683
SLB,2009,745
SLB,2010,687
SLB,2011,800
SLB,2012,826
SLB,2013,820
SLB,2014,818
SLB,2015,904
SLB,2016,911
SLB,2017,918
SLB,2018,900
SLB,2019,728
SLB,2020,706
SLB,2021,725
SLB,2022,758
SLB,2023,770
SLE,2000,870
SLE,2001,896
SLE,2002,995
SLE,2003,949
SLE,2004,910
SLE,2005,845
SLE,2006,832
SLE,2007,844
SLE,2008,849
SLE,2009,828
SLE,2010,838
SLE,2011,871
SLE,2012,908
SLE,2013,910
SLE,2014,960
SLE,2015,946
SLE,2016,955
SLE,2017,947
SLE,2018,965
SLE,2019,894
SLE,2020,875
SLE,2021,883
SLE,2022,894
SLE,2023,915
SLV,2000,1178
SLV,2001,1157
SLV,2002,1158
SLV,2003,1145
SLV,2004,1152
SLV,2005,1151
SLV,2006,1160
SLV,2007,1177
SLV,2008,1165
SLV,2009,1149
SLV,2010,1165
SLV,2011,1172
SLV,2012,1161
SLV,2013,1169
SLV,2014,1169
SLV,2015,1159
SLV,2016,1160
SLV,2017,1159
SLV,2018,1168
SLV,2019,1153
SLV,2020,1148
SLV,2021,1158
SLV,2022,1161
SLV,2023,1152
SMR,2000,400
SMR,2001,389
SMR,2002,431
SMR,2003,440
SMR,2004,472
SMR,2005,468
SMR,2006,482
SMR,2007,604
SMR,2008,613
SMR,2009,603
SMR,2010,611
SMR,2011,570
SMR,2012,576
SMR,2013,582
SMR,2014,601
SMR,2015,596
SMR,2016,592
SMR,2017,598
SMR,2018,591
SMR,2019,609
SMR,2020,602
SMR,2021,622
SMR,2022,642
SMR,2023,622
SOM,2000,526
SOM,2001,473
SOM,2002,503
SOM,2003,548
SOM,2004,504
SOM,2005,625
SOM,2006,584
SOM,2007,729
SOM,2008,680
SOM,2009,611
SOM,2010,640
SOM,2011,543
SOM,2012,734
SOM,2013,830
SOM,2014,781
SOM,2015,865
SOM,2016,874
SOM,2017,876
SOM,2018,915
SOM,2019,921
SOM,2020,914
SOM,2021,937
SOM,2022,929
SOM,2023,934
SPM,2000,467
SPM,2001,437
SPM,2002,426
SPM,2003,518
SPM,2004,514
SPM,2005,518
SPM,2006,534
SPM,2007,505
SPM,2008,508
SPM,2009,505
SPM,2010,550
SPM,2011,548
SPM,2012,561
SPM,2013,573
SPM,2014,578
SPM,2015,556
SPM,2016,561
SPM,2017,560
SPM,2018,526
SPM,2019,525
SPM,2020,547
SPM,2021,569
SPM,2022,566
SPM,2023,586
SRB,2004,1
SRB,2006,1210
SRB,2007,1216
SRB,2008,1218
SRB,2009,1207
SRB,2010,1211
SRB,2011,1216
SRB,2012,1217
SRB,2013,1216
SRB,2014,1219
SRB,2015,1217
SRB,2016,1217
SRB,2017,1218
SRB,2018,1220
SRB,2019,1217
SRB,2020,1219
SRB,2021,1216
SRB,2022,1220
SRB,2023,1216
SSD,2012,404
SSD,2013,583
SSD,2014,632
SSD,2015,731
SSD,2016,711
SSD,2017,678
SSD,2018,763
SSD,2019,762
SSD,2020,761
SSD,2021,803
SSD,2022,803
SSD,2023,801
STP,2000,601
STP,2001,569
STP,2002,667
STP,2003,696
STP,2004,662
STP,2005,616
STP,2006,681
STP,2007,658
STP,2008,684
STP,2009,681
STP,2010,722
STP,2011,714
STP,2012,708
STP,2013,705
STP,2014,724
STP,2015,719
STP,2016,723
STP,2017,727
STP,2018,721
STP,2019,703
STP,2020,697
STP,2021,697
STP,2022,752
STP,2023,723
SUR,2000,951
SUR,2001,940
SUR,2002,955
SUR,2003,972
SUR,2004,965
SUR,2005,976
SUR,2006,1003
SUR,2007,992
SUR,2008,1006
SUR,2009,1029
SUR,2010,1054
SUR,2011,1049
SUR,2012,1044
SUR,2013,1041
SUR,2014,1036
SUR,2015,995
SUR,2016,977
SUR,2017,1023
SUR,2018,992
SUR,2019,994
SUR,2020,1010
SUR,2021,1002
SUR,2022,1025
SUR,2023,1010
SVK,2000,1221
SVK,2001,1216
SVK,2002,1223
SVK,2003,1220
SVK,2004,1223
SVK,2005,1216
SVK,2006,1219
SVK,2007,1217
SVK,2008,1224
SVK,2009,1226
SVK,2010,1223
SVK,2011,1230
SVK,2012,1230
SVK,2013,1231
SVK,2014,1233
SVK,2015,1236
SVK,2016,1234
SVK,2017,1231
SVK,2018,1232
SVK,2019,1230
SVK,2020,1235
SVK,2021,1230
SVK,2022,1230
SVK,2023,1231
SVN,2000,1225
SVN,2001,1215
SVN,2002,1225
SVN,2003,1224
SVN,2004,1227
SVN,2005,1227
SVN,2006,1224
SVN,2007,1225
SVN,2008,1228
SVN,2009,1221
SVN,2010,1221
SVN,2011,1223
SVN,2012,1224
SVN,2013,1225
SVN,2014,1220
SVN,2015,1225
SVN,2016,1223
SVN,2017,1222
SVN,2018,1228
SVN,2019,1229
SVN,2020,1222
SVN,2021,1225
SVN,2022,1228
SVN,2023,1232
SWE,2000,1237
SWE,2001,1241
SWE,2002,1241
SWE,2003,1240
SWE,2004,1241
SWE,2005,1236
SWE,2006,1241
SWE,2007,1239
SWE,2008,1238
SWE,2009,1240
SWE,2010,1238
SWE,2011,1239
SWE,2012,1237
SWE,2013,1239
SWE,2014,1240
SWE,2015,1237
SWE,2016,1236
SWE,2017,1235
SWE,2018,1237
SWE,2019,1237
SWE,2020,1236
SWE,2021,1237
SWE,2022,1239
SWE,2023,1239
SWZ,2000,1181
SWZ,2001,1152
SWZ,2002,1173
SWZ,2003,1180
SWZ,2004,1177
SWZ,2005,1173
SWZ,2006,1171
SWZ,2007,1163
SWZ,2008,1181
SWZ,2009,1160
SWZ,2010,1177
SWZ,2011,1139
SWZ,2012,1113
SWZ,2013,1125
SWZ,2014,1099
SWZ,2015,1090
SWZ,2016,1089
SWZ,2017,1090
SWZ,2018,1096
SWZ,2019,1079
SWZ,2020,1065
SWZ,2021,1083
SWZ,2022,1075
SWZ,2023,1064
SXM,2011,655
SXM,2012,689
SXM,2013,775
SXM,2014,797
SXM,2015,785
SXM,2016,801
SXM,2017,802
SXM,2018,846
SXM,2019,816
SXM,2020,764
SXM,2021,775
SXM,2022,784
SXM,2023,799
SYC,2000,958
SYC,2001,927
SYC,2002,947
SYC,2003,994
SYC,2004,1017
SYC,2005,1034
SYC,2006,1032
SYC,2007,1027
SYC,2008,1037
SYC,2009,1020
SYC,2010,1050
SYC,2011,1018
SYC,2012,1030
SYC,2013,1034
SYC,2014,1015
SYC,2015,984
SYC,2016,987
SYC,2017,994
SYC,2018,995
SYC,2019,1010
SYC,2020,974
SYC,2021,975
SYC,2022,987
SYC,2023,1004
SYR,2000,1176
SYR,2001,1142
SYR,2002,1152
SYR,2003,1174
SYR,2004,1137
SYR,2005,1165
SYR,2006,1185
SYR,2007,1159
SYR,2008,1175
SYR,2009,1192
SYR,2010,1190
SYR,2011,1159
SYR,2012,1109
SYR,2013,1068
SYR,2014,1075
SYR,2015,1064
SYR,2016,1042
SYR,2017,1058
SYR,2018,1069
SYR,2019,1065
SYR,2020,1026
SYR,2021,1025
SYR,2022,1012
SYR,2023,1007
TCA,2000,536
TCA,2001,566
TCA,2002,587
TCA,2003,614
TCA,2004,624
TCA,2005,676
TCA,2006,749
TCA,2007,764
TCA,2008,779
TCA,2009,727
TCA,2010,692
TCA,2011,928
TCA,2012,914
TCA,2013,697
TCA,2014,665
TCA,2015,695
TCA,2016,711
TCA,2017,693
TCA,2018,705
TCA,2019,730
TCA,2020,688
TCA,2021,696
TCA,2022,733
TCA,2023,752
TCD,2000,537
TCD,2001,610
TCD,2002,646
TCD,2003,637
TCD,2004,633
TCD,2005,654
TCD,2006,675
TCD,2007,708
TCD,2008,732
TCD,2009,715
TCD,2010,721
TCD,2011,666
TCD,2012,722
TCD,2013,826
TCD,2014,818
TCD,2015,785
TCD,2016,753
TCD,2017,757
TCD,2018,786
TCD,2019,765
TCD,2020,800
TCD,2021,787
TCD,2022,781
TCD,2023,802
TGO,2000,923
TGO,2001,913
TGO,2002,908
TGO,2003,953
TGO,2004,962
TGO,2005,962
TGO,2006,897
TGO,2007,998
TGO,2008,1003
TGO,2009,995
TGO,2010,996
TGO,2011,1016
TGO,2012,1013
TGO,2013,1026
TGO,2014,1025
TGO,2015,1025
TGO,2016,1020
TGO,2017,1029
TGO,2018,1008
TGO,2019,1028
TGO,2020,1036
TGO,2021,1036
TGO,2022,1037
TGO,2023,1058
THA,2000,1236
THA,2001,1239
THA,2002,1242
THA,2003,1240
THA,2004,1239
THA,2005,1241
THA,2006,1238
THA,2007,1241
THA,2008,1242
THA,2009,1242
THA,2010,1239
THA,2011,1242
THA,2012,1241
THA,2013,1241
THA,2014,1242
THA,2015,1240
THA,2016,1240
THA,2017,1242
THA,2018,1240
THA,2019,1241
THA,2020,1240
THA,2021,1239
THA,2022,1241
THA,2023,1241
TJK,2000,741
TJK,2001,751
TJK,2002,776
TJK,2003,828
TJK,2004,848
TJK,2005,840
TJK,2006,851
TJK,2007,871
TJK,2008,877
TJK,2009,862
TJK,2010,914
TJK,2011,931
TJK,2012,939
TJK,2013,937
TJK,2014,941
TJK,2015,917
TJK,2016,1020
TJK,2017,1016
TJK,2018,1037
TJK,2019,1054
TJK,2020,1007
TJK,2021,1048
TJK,2022,1061
TJK,2023,1063
TKL,2000,290
TKL,2001,445
TKL,2002,529
TKL,2003,559
TKL,2004,510
TKL,2005,538
TKL,2006,529
TKL,2007,529
TKL,2008,473
TKL,2009,423
TKL,2010,331
TKL,2011,316
TKL,2012,368
TKL,2013,362
TKL,2014,279
TKL,2015,305
TKL,2016,294
TKL,2017,403
TKL,2018,409
TKL,2019,381
TKL,2020,248
TKL,2021,323
TKL,2022,373
TKL,2023,341
TKM,2000,1023
TKM,2001,924
TKM,2002,932
TKM,2003,926
TKM,2004,967
TKM,2005,946
TKM,2006,942
TKM,2007,942
TKM,2008,975
TKM,2009,983
TKM,2010,1005
TKM,2011,1012
TKM,2012,1039
TKM,2013,1047
TKM,2014,1058
TKM,2015,1040
TKM,2016,1052
TKM,2017,1048
TKM,2018,1034
TKM,2019,1051
TKM,2020,1032
TKM,2021,1038
TKM,2022,1035
TKM,2023,1027
TLS,2000,451
TLS,2001,556
TLS,2002,649
TLS,2003,599
TLS,2004,807
TLS,2005,758
TLS,2006,481
TLS,2007,503
TLS,2008,570
TLS,2009,666
TLS,2010,699
TLS,2011,741
TLS,2012,751
TLS,2013,863
TLS,2014,763
TLS,2015,733
TLS,2016,760
TLS,2017,903
TLS,2018,866
TLS,2019,863
TLS,2020,835
TLS,2021,845
TLS,2022,895
TLS,2023,895
TON,2000,666
TON,2001,652
TON,2002,699
TON,2003,696
TON,2004,725
TON,2005,730
TON,2006,734
TON,2007,733
TON,2008,847
TON,2009,826
TON,2010,810
TON,2011,846
TON,2012,845
TON,2013,822
TON,2014,814
TON,2015,691
TON,2016,705
TON,2017,693
TON,2018,779
TON,2019,823
TON,2020,769
TON,2021,815
TON,2022,804
TON,2023,809
TTO,2000,1149
TTO,2001,1143
TTO,2002,1138
TTO,2003,1146
TTO,2004,1150
TTO,2005,1152
TTO,2006,1157
TTO,2007,1162
TTO,2008,1168
TTO,2009,1171
TTO,2010,1162
TTO,2011,1167
TTO,2012,1165
TTO,2013,1162
TTO,2014,1159
TTO,2015,1159
TTO,2016,1159
TTO,2017,1152
TTO,2018,1151
TTO,2019,1143
TTO,2020,1125
TTO,2021,1142
TTO,2022,1140
TTO,2023,1131
TUN,2000,1201
TUN,2001,1190
TUN,2002,1198
TUN,2003,1193
TUN,2004,1191
TUN,2005,1199
TUN,2006,1195
TUN,2007,1202
TUN,2008,1214
TUN,2009,1205
TUN,2010,1200
TUN,2011,1205
TUN,2012,1200
TUN,2013,1206
TUN,2014,1206
TUN,2015,1199
TUN,2016,1195
TUN,2017,1201
TUN,2018,1204
TUN,2019,1208
TUN,2020,1191
TUN,2021,1189
TUN,2022,1190
TUN,2023,1190
TUR,2000,1237
TUR,2001,1234
TUR,2002,1235
TUR,2003,1238
TUR,2004,1237
TUR,2005,1237
TUR,2006,1236
TUR,2007,1236
TUR,2008,1237
TUR,2009,1237
TUR,2010,1239
TUR,2011,1238
TUR,2012,1238
TUR,2013,1239
TUR,2014,1241
TUR,2015,1240
TUR,2016,1234
TUR,2017,1237
TUR,2018,1239
TUR,2019,1239
TUR,2020,1237
TUR,2021,1238
TUR,2022,1240
TUR,2023,1238
TUV,2000,211
TUV,2001,673
TUV,2002,736
TUV,2003,346
TUV,2004,398
TUV,2005,393
TUV,2006,407
TUV,2007,349
TUV,2008,423
TUV,2009,328
TUV,2010,389
TUV,2011,408
TUV,2012,440
TUV,2013,386
TUV,2014,414
TUV,2015,416
TUV,2016,384
TUV,2017,372
TUV,2018,393
TUV,2019,399
TUV,2020,381
TUV,2021,418
TUV,2022,427
TUV,2023,416
TWN,2000,1240
TWN,2001,1238
TWN,2002,1239
TWN,2003,1239
TWN,2004,1238
TWN,2005,1240
TWN,2006,1239
TWN,2007,1242
TWN,2008,1239
TWN,2009,1238
TWN,2010,1239
TWN,2011,1238
TWN,2012,1236
TWN,2013,1236
TWN,2014,1237
TWN,2015,1238
TWN,2016,1238
TWN,2017,1237
TWN,2018,1235
TWN,2019,1235
TWN,2020,1234
TWN,2021,1234
TWN,2022,1237
TWN,2023,1236
TZA,2000,1139
TZA,2001,1157
TZA,2002,1155
TZA,2003,1168
TZA,2004,1168
TZA,2005,1184
TZA,2006,1175
TZA,2007,1173
TZA,2008,1196
TZA,2009,1190
TZA,2010,1185
TZA,2011,1195
TZA,2012,1178
TZA,2013,1181
TZA,2014,1182
TZA,2015,1174
TZA,2016,1171
TZA,2017,1171
TZA,2018,1161
TZA,2019,1165
TZA,2020,1165
TZA,2021,1167
TZA,2022,1180
TZA,2023,1185
UGA,2000,1070
UGA,2001,1078
UGA,2002,1083
UGA,2003,1098
UGA,2004,1097
UGA,2005,1106
UGA,2006,1110
UGA,2007,1122
UGA,2008,1142
UGA,2009,1148
UGA,2010,1145
UGA,2011,1148
UGA,2012,1144
UGA,2013,1145
UGA,2014,1138
UGA,2015,1135
UGA,2016,1142
UGA,2017,1137
UGA,2018,1129
UGA,2019,1140
UGA,2020,1133
UGA,2021,1117
UGA,2022,1130
UGA,2023,1141
UKR,2000,1212
UKR,2001,1208
UKR,2002,1218
UKR,2003,1222
UKR,2004,1226
UKR,2005,1218
UKR,2006,1222
UKR,2007,1230
UKR,2008,1224
UKR,2009,1223
UKR,2010,1225
UKR,2011,1228
UKR,2012,1225
UKR,2013,1226
UKR,2014,1221
UKR,2015,1217
UKR,2016,1221
UKR,2017,1230
UKR,2018,1227
UKR,2019,1226
UKR,2020,1224
UKR,2021,1228
UKR,2022,1223
UKR,2023,1215
URY,2000,1157
URY,2001,1161
URY,2002,1151
URY,2003,1144
URY,2004,1142
URY,2005,1171
URY,2006,1170
URY,2007,1179
URY,2008,1182
URY,2009,1188
URY,2010,1183
URY,2011,1178
URY,2012,1185
URY,2013,1183
URY,2014,1183
URY,2015,1183
URY,2016,1175
URY,2017,1188
URY,2018,1180
URY,2019,1168
URY,2020,1175
URY,2021,1172
URY,2022,1174
URY,2023,1177
USA,2000,1243
USA,2001,1243
USA,2002,1243
USA,2003,1243
USA,2004,1243
USA,2005,1243
USA,2006,1243
USA,2007,1243
USA,2008,1243
USA,2009,1243
USA,2010,1243
USA,2011,1243
USA,2012,1243
USA,2013,1243
USA,2014,1243
USA,2015,1243
USA,2016,1243
USA,2017,1243
USA,2018,1243
USA,2019,1242
USA,2020,1242
USA,2021,1242
USA,2022,1242
USA,2023,1242
UZB,2000,1037
UZB,2001,1032
UZB,2002,1030
UZB,2003,1039
UZB,2004,1068
UZB,2005,1052
UZB,2006,1046
UZB,2007,1073
UZB,2008,1077
UZB,2009,1067
UZB,2010,1082
UZB,2011,1095
UZB,2012,1108
UZB,2013,1121
UZB,2014,1121
UZB,2015,1124
UZB,2016,1108
UZB,2017,1151
UZB,2018,1163
UZB,2019,1179
UZB,2020,1169
UZB,2021,1174
UZB,2022,1184
UZB,2023,1178
VAT,2000,178
VAT,2001,181
VAT,2002,206
VAT,2003,155
VAT,2004,171
VAT,2005,181
VAT,2006,192
VAT,2007,272
VAT,2008,223
VAT,2009,256
VAT,2010,243
VAT,2011,201
VAT,2012,225
VAT,2013,210
VAT,2014,335
VAT,2015,196
VAT,2016,202
VAT,2017,208
VAT,2018,225
VAT,2019,192
VAT,2020,191
VAT,2021,289
VAT,2022,212
VAT,2023,197
VCT,2000,830
VCT,2001,838
VCT,2002,846
VCT,2003,880
VCT,2004,865
VCT,2005,867
VCT,2006,879
VCT,2007,902
VCT,2008,888
VCT,2009,897
VCT,2010,883
VCT,2011,902
VCT,2012,903
VCT,2013,897
VCT,2014,881
VCT,2015,891
VCT,2016,877
VCT,2017,881
VCT,2018,889
VCT,2019,867
VCT,2020,847
VCT,2021,844
VCT,2022,861
VCT,2023,886
VEN,2000,1229
VEN,2001,1223
VEN,2002,1217
VEN,2003,1205
VEN,2004,1214
VEN,2005,1215
VEN,2006,1212
VEN,2007,1209
VEN,2008,1214
VEN,2009,1205
VEN,2010,1199
VEN,2011,1200
VEN,2012,1204
VEN,2013,1196
VEN,2014,1169
VEN,2015,1161
VEN,2016,1130
VEN,2017,1124
VEN,2018,1099
VEN,2019,1087
VEN,2020,1066
VEN,2021,1066
VEN,2022,1092
VEN,2023,1083
VGB,2000,715
VGB,2001,737
VGB,2002,732
VGB,2003,734
VGB,2004,759
VGB,2005,787
VGB,2006,786
VGB,2007,834
VGB,2008,861
VGB,2009,834
VGB,2010,835
VGB,2011,833
VGB,2012,820
VGB,2013,832
VGB,2014,827
VGB,2015,814
VGB,2016,827
VGB,2017,799
VGB,2018,817
VGB,2019,798
VGB,2020,753
VGB,2021,751
VGB,2022,759
VGB,2023,754
VNM,2000,1202
VNM,2001,1223
VNM,2002,1228
VNM,2003,1229
VNM,2004,1230
VNM,2005,1236
VNM,2006,1233
VNM,2007,1234
VNM,2008,1232
VNM,2009,1238
VNM,2010,1239
VNM,2011,1234
VNM,2012,1237
VNM,2013,1238
VNM,2014,1238
VNM,2015,1242
VNM,2016,1241
VNM,2017,1239
VNM,2018,1240
VNM,2019,1239
VNM,2020,1239
VNM,2021,1237
VNM,2022,1238
VNM,2023,1238
VUT,2000,659
VUT,2001,656
VUT,2002,654
VUT,2003,644
VUT,2004,701
VUT,2005,681
VUT,2006,850
VUT,2007,888
VUT,2008,761
VUT,2009,883
VUT,2010,874
VUT,2011,890
VUT,2012,771
VUT,2013,770
VUT,2014,739
VUT,2015,756
VUT,2016,772
VUT,2017,781
VUT,2018,752
VUT,2019,751
VUT,2020,701
VUT,2021,738
VUT,2022,751
VUT,2023,779
WSM,2000,691
WSM,2001,828
WSM,2002,792
WSM,2003,791
WSM,2004,836
WSM,2005,834
WSM,2006,823
WSM,2007,822
WSM,2008,815
WSM,2009,829
WSM,2010,874
WSM,2011,904
WSM,2012,902
WSM,2013,910
WSM,2014,929
WSM,2015,917
WSM,2016,913
WSM,2017,900
WSM,2018,897
WSM,2019,906
WSM,2020,753
WSM,2021,868
WSM,2022,885
WSM,2023,880
YEM,2000,1162
YEM,2001,1140
YEM,2002,1131
YEM,2003,1118
YEM,2004,1095
YEM,2005,1120
YEM,2006,1117
YEM,2007,1160
YEM,2008,1140
YEM,2009,1123
YEM,2010,1118
YEM,2011,1092
YEM,2012,1115
YEM,2013,1103
YEM,2014,1119
YEM,2015,1054
YEM,2016,946
YEM,2017,987
YEM,2018,1077
YEM,2019,1082
YEM,2020,1063
YEM,2021,1054
YEM,2022,1048
YEM,2023,1024
ZAF,2000,1243
ZAF,2001,1243
ZAF,2002,1243
ZAF,2003,1243
ZAF,2004,1242
ZAF,2005,1242
ZAF,2006,1243
ZAF,2007,1243
ZAF,2008,1243
ZAF,2009,1242
ZAF,2010,1243
ZAF,2011,1243
ZAF,2012,1243
ZAF,2013,1243
ZAF,2014,1240
ZAF,2015,1242
ZAF,2016,1241
ZAF,2017,1242
ZAF,2018,1242
ZAF,2019,1240
ZAF,2020,1238
ZAF,2021,1241
ZAF,2022,1238
ZAF,2023,1239
ZMB,2000,1122
ZMB,2001,1136
ZMB,2002,1137
ZMB,2003,1132
ZMB,2004,1134
ZMB,2005,1145
ZMB,2006,1151
ZMB,2007,1155
ZMB,2008,1160
ZMB,2009,1155
ZMB,2010,1157
ZMB,2011,1164
ZMB,2012,1180
ZMB,2013,1166
ZMB,2014,1160
ZMB,2015,1145
ZMB,2016,1152
ZMB,2017,1139
ZMB,2018,1145
ZMB,2019,1147
ZMB,2020,1135
ZMB,2021,1150
ZMB,2022,1147
ZMB,2023,1148
ZWE,2000,1176
ZWE,2001,1170
ZWE,2002,1182
ZWE,2003,1160
ZWE,2004,1173
ZWE,2005,1166
ZWE,2006,1154
ZWE,2007,1157
ZWE,2008,1147
ZWE,2009,1137
ZWE,2010,1162
ZWE,2011,1168
ZWE,2012,1172
ZWE,2013,1164
ZWE,2014,1150
ZWE,2015,1149
ZWE,2016,1133
ZWE,2017,1130
ZWE,2018,1149
ZWE,2019,1114
ZWE,2020,1099
ZWE,2021,1120
ZWE,2022,1126
ZWE,2023,1134
