country,historical_2023,homogeneous_budget,heterogeneous_budget,diff_homo,diff_heter
AUS,125,234,235,109,110
BGD,89,89,89,0,0
BRN,14,16,16,2,2
CHN,585,450,453,-135,-132
FJI,151,79,79,-72,-72
HKG,138,290,293,152,155
IDN,239,279,280,40,41
IND,417,356,356,-61,-61
JPN,321,272,275,-49,-46
KHM,135,63,62,-72,-73
KOR,262,226,229,-36,-33
LAO,128,62,61,-66,-67
LKA,208,147,147,-61,-61
MMR,160,88,88,-72,-72
MNG,40,77,76,37,36
MYS,238,162,164,-76,-74
NZL,170,208,208,38,38
PAK,225,200,200,-25,-25
PHL,190,126,126,-64,-64
PNG,37,47,47,10,10
SGP,152,145,146,-7,-6
THA,325,283,286,-42,-39
TWN,211,281,283,70,72
VNM,293,189,191,-104,-102
