experiment,country,baseline_diversity,policy_diversity,diff
A_subsidy_CHN_8542,AUS,216,216,0
A_subsidy_CHN_8542,BGD,90,90,0
A_subsidy_CHN_8542,BRN,18,18,0
A_subsidy_CHN_8542,CHN,394,395,1
A_subsidy_CHN_8542,FJI,65,65,0
A_subsidy_CHN_8542,HKG,263,263,0
A_subsidy_CHN_8542,IDN,269,269,0
A_subsidy_CHN_8542,IND,332,332,0
A_subsidy_CHN_8542,JPN,284,284,0
A_subsidy_CHN_8542,KHM,56,56,0
A_subsidy_CHN_8542,KOR,207,207,0
A_subsidy_CHN_8542,LAO,48,48,0
A_subsidy_CHN_8542,LKA,127,127,0
A_subsidy_CHN_8542,MMR,81,81,0
A_subsidy_CHN_8542,MNG,64,64,0
A_subsidy_CHN_8542,MYS,160,160,0
A_subsidy_CHN_8542,NZL,190,190,0
A_subsidy_CHN_8542,PAK,194,194,0
A_subsidy_CHN_8542,PHL,120,120,0
A_subsidy_CHN_8542,PNG,39,39,0
A_subsidy_CHN_8542,SGP,136,136,0
A_subsidy_CHN_8542,THA,256,256,0
A_subsidy_CHN_8542,TWN,274,274,0
A_subsidy_CHN_8542,VNM,175,175,0
B_blockade_CHN,AUS,216,216,0
B_blockade_CHN,BGD,90,90,0
B_blockade_CHN,BRN,18,18,0
B_blockade_CHN,CHN,394,392,-2
B_blockade_CHN,FJI,65,65,0
B_blockade_CHN,HKG,263,263,0
B_blockade_CHN,IDN,269,269,0
B_blockade_CHN,IND,332,333,1
B_blockade_CHN,JPN,284,284,0
B_blockade_CHN,KHM,56,56,0
B_blockade_CHN,KOR,207,207,0
B_blockade_CHN,LAO,48,48,0
B_blockade_CHN,LKA,127,127,0
B_blockade_CHN,MMR,81,81,0
B_blockade_CHN,MNG,64,64,0
B_blockade_CHN,MYS,160,160,0
B_blockade_CHN,NZL,190,190,0
B_blockade_CHN,PAK,194,194,0
B_blockade_CHN,PHL,120,120,0
B_blockade_CHN,PNG,39,39,0
B_blockade_CHN,SGP,136,136,0
B_blockade_CHN,THA,256,256,0
B_blockade_CHN,TWN,274,274,0
B_blockade_CHN,VNM,175,175,0
C_tariff_ASEAN,AUS,216,216,0
C_tariff_ASEAN,BGD,90,90,0
C_tariff_ASEAN,BRN,18,18,0
C_tariff_ASEAN,CHN,394,394,0
C_tariff_ASEAN,FJI,65,65,0
C_tariff_ASEAN,HKG,263,263,0
C_tariff_ASEAN,IDN,269,269,0
C_tariff_ASEAN,IND,332,332,0
C_tariff_ASEAN,JPN,284,284,0
C_tariff_ASEAN,KHM,56,56,0
C_tariff_ASEAN,KOR,207,207,0
C_tariff_ASEAN,LAO,48,48,0
C_tariff_ASEAN,LKA,127,127,0
C_tariff_ASEAN,MMR,81,81,0
C_tariff_ASEAN,MNG,64,64,0
C_tariff_ASEAN,MYS,160,160,0
C_tariff_ASEAN,NZL,190,190,0
C_tariff_ASEAN,PAK,194,194,0
C_tariff_ASEAN,PHL,120,120,0
C_tariff_ASEAN,PNG,39,39,0
C_tariff_ASEAN,SGP,136,136,0
C_tariff_ASEAN,THA,256,256,0
C_tariff_ASEAN,TWN,274,274,0
C_tariff_ASEAN,VNM,175,175,0
