experiment,step,year,baseline_mean_div,policy_mean_div
A_subsidy_CHN_8542,0,2000,202.0,202.0
A_subsidy_CHN_8542,1,2001,201.0,201.0
A_subsidy_CHN_8542,2,2002,199.5,199.5
A_subsidy_CHN_8542,3,2003,197.125,197.125
A_subsidy_CHN_8542,4,2004,195.54166666666666,195.54166666666666
A_subsidy_CHN_8542,5,2005,194.41666666666666,194.41666666666666
A_subsidy_CHN_8542,6,2006,192.5,192.5
A_subsidy_CHN_8542,7,2007,190.625,190.66666666666666
A_subsidy_CHN_8542,8,2008,189.125,189.16666666666666
A_subsidy_CHN_8542,9,2009,188.0,188.04166666666666
A_subsidy_CHN_8542,10,2010,186.41666666666666,186.45833333333334
A_subsidy_CHN_8542,11,2011,184.875,184.91666666666666
A_subsidy_CHN_8542,12,2012,183.33333333333334,183.375
A_subsidy_CHN_8542,13,2013,182.375,182.41666666666666
A_subsidy_CHN_8542,14,2014,180.95833333333334,181.04166666666666
A_subsidy_CHN_8542,15,2015,179.33333333333334,179.41666666666666
A_subsidy_CHN_8542,16,2016,177.91666666666666,178.0
A_subsidy_CHN_8542,17,2017,176.25,176.29166666666666
A_subsidy_CHN_8542,18,2018,174.66666666666666,174.70833333333334
A_subsidy_CHN_8542,19,2019,173.83333333333334,173.875
A_subsidy_CHN_8542,20,2020,172.66666666666666,172.70833333333334
A_subsidy_CHN_8542,21,2021,171.91666666666666,171.95833333333334
A_subsidy_CHN_8542,22,2022,170.45833333333334,170.5
A_subsidy_CHN_8542,23,2023,169.08333333333334,169.125
B_blockade_CHN,0,2000,202.0,202.0
B_blockade_CHN,1,2001,201.0,201.0
B_blockade_CHN,2,2002,199.5,199.5
B_blockade_CHN,3,2003,197.125,197.125
B_blockade_CHN,4,2004,195.54166666666666,195.54166666666666
B_blockade_CHN,5,2005,194.41666666666666,194.41666666666666
B_blockade_CHN,6,2006,192.5,192.5
B_blockade_CHN,7,2007,190.625,190.625
B_blockade_CHN,8,2008,189.125,189.125
B_blockade_CHN,9,2009,188.0,188.0
B_blockade_CHN,10,2010,186.41666666666666,186.41666666666666
B_blockade_CHN,11,2011,184.875,184.875
B_blockade_CHN,12,2012,183.33333333333334,183.33333333333334
B_blockade_CHN,13,2013,182.375,182.33333333333334
B_blockade_CHN,14,2014,180.95833333333334,180.91666666666666
B_blockade_CHN,15,2015,179.33333333333334,179.29166666666666
B_blockade_CHN,16,2016,177.91666666666666,177.875
B_blockade_CHN,17,2017,176.25,176.20833333333334
B_blockade_CHN,18,2018,174.66666666666666,174.58333333333334
B_blockade_CHN,19,2019,173.83333333333334,173.75
B_blockade_CHN,20,2020,172.66666666666666,172.66666666666666
B_blockade_CHN,21,2021,171.91666666666666,171.875
B_blockade_CHN,22,2022,170.45833333333334,170.375
B_blockade_CHN,23,2023,169.08333333333334,169.04166666666666
C_tariff_ASEAN,0,2000,202.0,202.0
C_tariff_ASEAN,1,2001,201.0,201.0
C_tariff_ASEAN,2,2002,199.5,199.5
C_tariff_ASEAN,3,2003,197.125,197.125
C_tariff_ASEAN,4,2004,195.54166666666666,195.54166666666666
C_tariff_ASEAN,5,2005,194.41666666666666,194.41666666666666
C_tariff_ASEAN,6,2006,192.5,192.5
C_tariff_ASEAN,7,2007,190.625,190.625
C_tariff_ASEAN,8,2008,189.125,189.125
C_tariff_ASEAN,9,2009,188.0,188.0
C_tariff_ASEAN,10,2010,186.41666666666666,186.41666666666666
C_tariff_ASEAN,11,2011,184.875,184.875
C_tariff_ASEAN,12,2012,183.33333333333334,183.33333333333334
C_tariff_ASEAN,13,2013,182.375,182.375
C_tariff_ASEAN,14,2014,180.95833333333334,180.95833333333334
C_tariff_ASEAN,15,2015,179.33333333333334,179.33333333333334
C_tariff_ASEAN,16,2016,177.91666666666666,177.91666666666666
C_tariff_ASEAN,17,2017,176.25,176.25
C_tariff_ASEAN,18,2018,174.66666666666666,174.66666666666666
C_tariff_ASEAN,19,2019,173.83333333333334,173.83333333333334
C_tariff_ASEAN,20,2020,172.66666666666666,172.66666666666666
C_tariff_ASEAN,21,2021,171.91666666666666,171.91666666666666
C_tariff_ASEAN,22,2022,170.45833333333334,170.45833333333334
C_tariff_ASEAN,23,2023,169.08333333333334,169.08333333333334
