depreciation,blockade_strength,chn_baseline_div,chn_policy_div,chn_diff
0.001,0.0,502,502,0
0.001,0.1,502,498,-4
0.001,0.2,502,498,-4
0.001,0.3,502,498,-4
0.001,0.5,502,498,-4
0.005,0.0,453,453,0
0.005,0.1,453,449,-4
0.005,0.2,453,449,-4
0.005,0.3,453,449,-4
0.005,0.5,453,449,-4
0.01,0.0,400,400,0
0.01,0.1,400,396,-4
0.01,0.2,400,396,-4
0.01,0.3,400,396,-4
0.01,0.5,400,396,-4
0.02,0.0,304,304,0
0.02,0.1,304,303,-1
0.02,0.2,304,303,-1
0.02,0.3,304,303,-1
0.02,0.5,304,303,-1
0.04,0.0,197,197,0
0.04,0.1,197,197,0
0.04,0.2,197,197,0
0.04,0.3,197,197,0
0.04,0.5,197,197,0
