year,country,model_diversity,historical_diversity
2000,AUS,247,247
2000,BGD,100,100
2000,BRN,17,17
2000,CHN,507,507
2000,FJI,91,91
2000,HKG,334,334
2000,IDN,298,298
2000,IND,399,399
2000,JPN,298,298
2000,KHM,76,76
2000,KOR,251,251
2000,LAO,65,65
2000,LKA,167,167
2000,MMR,103,103
2000,MNG,83,83
2000,MYS,175,175
2000,NZL,231,231
2000,PAK,219,219
2000,PHL,136,136
2000,PNG,51,51
2000,SGP,166,166
2000,THA,310,310
2000,TWN,311,311
2000,VNM,213,213
2001,AUS,247,243
2001,BGD,99,89
2001,BRN,17,27
2001,CHN,506,500
2001,FJI,91,94
2001,HKG,333,320
2001,IDN,299,301
2001,IND,398,411
2001,JPN,297,297
2001,KHM,75,76
2001,KOR,250,264
2001,LAO,65,71
2001,LKA,166,179
2001,MMR,103,97
2001,MNG,83,79
2001,MYS,175,188
2001,NZL,231,229
2001,PAK,219,203
2001,PHL,136,169
2001,PNG,51,62
2001,SGP,165,175
2001,THA,309,309
2001,TWN,311,316
2001,VNM,211,225
2002,AUS,247,234
2002,BGD,99,84
2002,BRN,17,23
2002,CHN,505,489
2002,FJI,91,146
2002,HKG,333,307
2002,IDN,299,303
2002,IND,396,404
2002,JPN,297,305
2002,KHM,75,70
2002,KOR,248,255
2002,LAO,65,77
2002,LKA,161,177
2002,MMR,100,96
2002,MNG,83,87
2002,MYS,174,172
2002,NZL,228,234
2002,PAK,218,209
2002,PHL,135,155
2002,PNG,51,54
2002,SGP,163,180
2002,THA,308,312
2002,TWN,310,317
2002,VNM,212,249
2003,AUS,245,235
2003,BGD,98,88
2003,BRN,17,32
2003,CHN,501,473
2003,FJI,91,146
2003,HKG,332,294
2003,IDN,298,316
2003,IND,393,402
2003,JPN,294,311
2003,KHM,75,73
2003,KOR,247,246
2003,LAO,65,81
2003,LKA,161,184
2003,MMR,100,97
2003,MNG,83,78
2003,MYS,173,173
2003,NZL,226,245
2003,PAK,218,184
2003,PHL,135,153
2003,PNG,51,60
2003,SGP,162,183
2003,THA,304,303
2003,TWN,305,308
2003,VNM,209,237
2004,AUS,243,234
2004,BGD,97,99
2004,BRN,18,26
2004,CHN,497,489
2004,FJI,89,149
2004,HKG,331,295
2004,IDN,298,303
2004,IND,391,408
2004,JPN,293,305
2004,KHM,73,73
2004,KOR,245,232
2004,LAO,65,89
2004,LKA,160,189
2004,MMR,100,111
2004,MNG,83,81
2004,MYS,172,180
2004,NZL,226,254
2004,PAK,218,199
2004,PHL,136,168
2004,PNG,50,53
2004,SGP,161,163
2004,THA,304,321
2004,TWN,303,308
2004,VNM,209,246
2005,AUS,242,209
2005,BGD,97,107
2005,BRN,17,14
2005,CHN,496,508
2005,FJI,88,158
2005,HKG,329,282
2005,IDN,297,286
2005,IND,390,398
2005,JPN,293,312
2005,KHM,73,74
2005,KOR,245,212
2005,LAO,64,91
2005,LKA,159,193
2005,MMR,99,89
2005,MNG,83,78
2005,MYS,170,177
2005,NZL,226,251
2005,PAK,218,194
2005,PHL,135,159
2005,PNG,49,45
2005,SGP,162,141
2005,THA,302,322
2005,TWN,303,312
2005,VNM,209,231
2006,AUS,241,196
2006,BGD,97,99
2006,BRN,17,11
2006,CHN,491,513
2006,FJI,88,184
2006,HKG,328,279
2006,IDN,293,283
2006,IND,387,403
2006,JPN,290,308
2006,KHM,73,64
2006,KOR,244,215
2006,LAO,63,81
2006,LKA,158,194
2006,MMR,99,87
2006,MNG,83,71
2006,MYS,170,195
2006,NZL,225,254
2006,PAK,214,206
2006,PHL,134,168
2006,PNG,50,37
2006,SGP,162,137
2006,THA,300,343
2006,TWN,304,296
2006,VNM,207,247
2007,AUS,241,196
2007,BGD,97,109
2007,BRN,17,10
2007,CHN,490,514
2007,FJI,88,163
2007,HKG,326,283
2007,IDN,293,283
2007,IND,382,386
2007,JPN,288,302
2007,KHM,73,75
2007,KOR,243,230
2007,LAO,63,96
2007,LKA,157,204
2007,MMR,99,91
2007,MNG,84,60
2007,MYS,170,205
2007,NZL,225,256
2007,PAK,213,205
2007,PHL,132,152
2007,PNG,50,38
2007,SGP,159,164
2007,THA,300,326
2007,TWN,302,289
2007,VNM,207,255
2008,AUS,240,153
2008,BGD,96,118
2008,BRN,17,9
2008,CHN,486,525
2008,FJI,86,150
2008,HKG,322,289
2008,IDN,294,271
2008,IND,381,382
2008,JPN,287,315
2008,KHM,73,68
2008,KOR,242,228
2008,LAO,63,102
2008,LKA,157,200
2008,MMR,99,92
2008,MNG,84,53
2008,MYS,170,226
2008,NZL,226,242
2008,PAK,212,204
2008,PHL,132,166
2008,PNG,50,41
2008,SGP,157,179
2008,THA,299,325
2008,TWN,301,308
2008,VNM,206,258
2009,AUS,239,158
2009,BGD,96,104
2009,BRN,17,11
2009,CHN,483,517
2009,FJI,85,149
2009,HKG,320,254
2009,IDN,290,254
2009,IND,380,347
2009,JPN,285,342
2009,KHM,72,69
2009,KOR,240,233
2009,LAO,63,91
2009,LKA,157,199
2009,MMR,97,86
2009,MNG,84,55
2009,MYS,170,239
2009,NZL,226,242
2009,PAK,211,202
2009,PHL,132,168
2009,PNG,50,40
2009,SGP,157,155
2009,THA,296,307
2009,TWN,299,308
2009,VNM,206,269
2010,AUS,239,149
2010,BGD,96,112
2010,BRN,17,12
2010,CHN,483,528
2010,FJI,85,159
2010,HKG,319,269
2010,IDN,289,246
2010,IND,377,347
2010,JPN,285,329
2010,KHM,73,87
2010,KOR,239,241
2010,LAO,63,109
2010,LKA,156,198
2010,MMR,97,91
2010,MNG,84,47
2010,MYS,170,237
2010,NZL,225,231
2010,PAK,210,213
2010,PHL,134,157
2010,PNG,50,34
2010,SGP,155,153
2010,THA,297,312
2010,TWN,299,298
2010,VNM,205,286
2011,AUS,239,135
2011,BGD,95,103
2011,BRN,17,8
2011,CHN,479,559
2011,FJI,84,170
2011,HKG,319,280
2011,IDN,287,243
2011,IND,376,358
2011,JPN,284,334
2011,KHM,71,75
2011,KOR,239,241
2011,LAO,62,100
2011,LKA,156,200
2011,MMR,95,103
2011,MNG,83,47
2011,MYS,170,246
2011,NZL,225,222
2011,PAK,210,216
2011,PHL,134,181
2011,PNG,50,66
2011,SGP,154,150
2011,THA,295,331
2011,TWN,298,300
2011,VNM,204,292
2012,AUS,240,138
2012,BGD,95,114
2012,BRN,18,4
2012,CHN,479,547
2012,FJI,82,169
2012,HKG,316,255
2012,IDN,287,257
2012,IND,376,357
2012,JPN,282,340
2012,KHM,70,83
2012,KOR,238,253
2012,LAO,62,103
2012,LKA,156,214
2012,MMR,94,114
2012,MNG,83,37
2012,MYS,169,257
2012,NZL,224,231
2012,PAK,210,216
2012,PHL,132,207
2012,PNG,49,56
2012,SGP,153,156
2012,THA,295,307
2012,TWN,297,307
2012,VNM,204,293
2013,AUS,238,136
2013,BGD,93,107
2013,BRN,18,11
2013,CHN,476,546
2013,FJI,81,153
2013,HKG,312,239
2013,IDN,288,270
2013,IND,373,362
2013,JPN,282,347
2013,KHM,70,103
2013,KOR,237,252
2013,LAO,62,116
2013,LKA,155,205
2013,MMR,94,114
2013,MNG,83,40
2013,MYS,169,260
2013,NZL,223,201
2013,PAK,209,221
2013,PHL,132,206
2013,PNG,49,41
2013,SGP,153,159
2013,THA,295,321
2013,TWN,297,292
2013,VNM,203,284
2014,AUS,238,139
2014,BGD,93,95
2014,BRN,18,18
2014,CHN,472,557
2014,FJI,81,152
2014,HKG,309,239
2014,IDN,288,271
2014,IND,370,372
2014,JPN,282,349
2014,KHM,69,102
2014,KOR,235,253
2014,LAO,62,120
2014,LKA,154,202
2014,MMR,94,81
2014,MNG,83,38
2014,MYS,168,252
2014,NZL,220,182
2014,PAK,210,212
2014,PHL,132,205
2014,PNG,49,32
2014,SGP,153,169
2014,THA,296,338
2014,TWN,295,284
2014,VNM,204,284
2015,AUS,238,157
2015,BGD,93,97
2015,BRN,18,19
2015,CHN,472,543
2015,FJI,81,150
2015,HKG,307,204
2015,IDN,287,279
2015,IND,368,383
2015,JPN,281,337
2015,KHM,68,104
2015,KOR,234,245
2015,LAO,62,125
2015,LKA,152,205
2015,MMR,93,112
2015,MNG,81,50
2015,MYS,169,270
2015,NZL,219,203
2015,PAK,208,218
2015,PHL,131,207
2015,PNG,48,29
2015,SGP,151,162
2015,THA,294,332
2015,TWN,294,277
2015,VNM,203,264
2016,AUS,238,156
2016,BGD,92,81
2016,BRN,19,16
2016,CHN,469,530
2016,FJI,81,179
2016,HKG,305,196
2016,IDN,287,278
2016,IND,365,387
2016,JPN,281,331
2016,KHM,68,113
2016,KOR,233,250
2016,LAO,62,113
2016,LKA,152,199
2016,MMR,92,126
2016,MNG,79,54
2016,MYS,167,275
2016,NZL,218,202
2016,PAK,207,210
2016,PHL,130,187
2016,PNG,48,31
2016,SGP,150,167
2016,THA,293,328
2016,TWN,293,274
2016,VNM,201,263
2017,AUS,239,135
2017,BGD,91,104
2017,BRN,19,13
2017,CHN,467,531
2017,FJI,81,155
2017,HKG,303,194
2017,IDN,286,267
2017,IND,364,379
2017,JPN,280,334
2017,KHM,67,123
2017,KOR,232,246
2017,LAO,62,111
2017,LKA,152,209
2017,MMR,92,147
2017,MNG,78,52
2017,MYS,165,255
2017,NZL,216,184
2017,PAK,205,208
2017,PHL,130,190
2017,PNG,48,31
2017,SGP,146,164
2017,THA,292,332
2017,TWN,291,271
2017,VNM,200,265
2018,AUS,238,139
2018,BGD,91,109
2018,BRN,19,19
2018,CHN,463,553
2018,FJI,80,161
2018,HKG,302,210
2018,IDN,285,260
2018,IND,362,391
2018,JPN,279,334
2018,KHM,66,125
2018,KOR,230,246
2018,LAO,62,104
2018,LKA,151,207
2018,MMR,92,158
2018,MNG,77,47
2018,MYS,165,250
2018,NZL,212,180
2018,PAK,205,213
2018,PHL,130,192
2018,PNG,48,33
2018,SGP,146,164
2018,THA,291,331
2018,TWN,291,269
2018,VNM,198,278
2019,AUS,238,131
2019,BGD,90,88
2019,BRN,18,20
2019,CHN,463,548
2019,FJI,80,157
2019,HKG,294,183
2019,IDN,284,276
2019,IND,362,392
2019,JPN,278,340
2019,KHM,65,123
2019,KOR,230,260
2019,LAO,62,121
2019,LKA,151,198
2019,MMR,92,144
2019,MNG,77,42
2019,MYS,165,263
2019,NZL,212,179
2019,PAK,204,220
2019,PHL,130,184
2019,PNG,48,34
2019,SGP,146,161
2019,THA,291,337
2019,TWN,290,264
2019,VNM,197,270
2020,AUS,237,127
2020,BGD,89,93
2020,BRN,17,16
2020,CHN,462,524
2020,FJI,80,138
2020,HKG,293,145
2020,IDN,282,274
2020,IND,362,409
2020,JPN,278,332
2020,KHM,65,125
2020,KOR,229,258
2020,LAO,62,135
2020,LKA,150,206
2020,MMR,90,147
2020,MNG,77,43
2020,MYS,165,232
2020,NZL,209,164
2020,PAK,203,210
2020,PHL,130,174
2020,PNG,48,36
2020,SGP,146,157
2020,THA,290,310
2020,TWN,287,243
2020,VNM,194,265
2021,AUS,237,118
2021,BGD,89,97
2021,BRN,16,17
2021,CHN,458,555
2021,FJI,80,146
2021,HKG,294,151
2021,IDN,281,260
2021,IND,360,410
2021,JPN,277,343
2021,KHM,64,140
2021,KOR,229,247
2021,LAO,62,123
2021,LKA,149,198
2021,MMR,89,147
2021,MNG,77,39
2021,MYS,166,233
2021,NZL,209,166
2021,PAK,202,214
2021,PHL,130,186
2021,PNG,47,35
2021,SGP,146,147
2021,THA,287,334
2021,TWN,285,241
2021,VNM,192,278
2022,AUS,236,122
2022,BGD,89,94
2022,BRN,16,11
2022,CHN,455,589
2022,FJI,80,140
2022,HKG,293,135
2022,IDN,280,228
2022,IND,357,418
2022,JPN,277,346
2022,KHM,63,131
2022,KOR,229,251
2022,LAO,62,120
2022,LKA,148,200
2022,MMR,88,144
2022,MNG,77,38
2022,MYS,165,219
2022,NZL,209,164
2022,PAK,199,223
2022,PHL,128,186
2022,PNG,47,35
2022,SGP,146,142
2022,THA,285,342
2022,TWN,283,230
2022,VNM,192,290
2023,AUS,235,125
2023,BGD,89,89
2023,BRN,16,14
2023,CHN,453,585
2023,FJI,79,151
2023,HKG,293,138
2023,IDN,280,239
2023,IND,356,417
2023,JPN,275,321
2023,KHM,62,135
2023,KOR,229,262
2023,LAO,61,128
2023,LKA,147,208
2023,MMR,88,160
2023,MNG,76,40
2023,MYS,164,238
2023,NZL,208,170
2023,PAK,200,225
2023,PHL,126,190
2023,PNG,47,37
2023,SGP,146,152
2023,THA,286,325
2023,TWN,283,211
2023,VNM,191,293
